timestamp,voltage,current,temperature,acceleration
500,48.99699231110169,10.910674719297548,27.48255092310014,1.2415615055479066
1000,48.59489745949282,10.791777664247535,26.65457782001943,1.4026427475644136
1500,49.3458659187594,13.611804109702671,27.113029108707547,1.1535634091287865
2000,48.95150157560836,14.276475654971598,25.643639177767,0.9460300403294633
2500,49.29208815262226,11.674399779719176,27.520832713374197,0.09815634620823377
3000,49.959908732523765,10.772487600991978,25.63782033404861,1.756851659159232
3500,48.800973487356636,10.013809011125161,25.27973202884643,1.7109882351198218
4000,48.57409615397652,11.781884608206441,26.62979588470133,0.4848515821181294
4500,49.24366539353432,14.382090201345568,25.052428059865353,1.379921515023263
5000,48.01645553247239,12.93512621798064,27.071636727929246,0.0945580402429902
5500,49.96063732062862,11.248984800641866,27.008639609053407,1.1227567448654983
6000,49.845977619798035,14.855080339268675,26.46160593311577,1.5757897623079493
6500,49.037377487277986,10.447077946859055,25.995328704034673,1.0926711054643994
7000,48.994537233034116,13.446021019435456,26.747904903280773,0.5826259701109553
7500,48.5766363488074,12.29999906301546,27.292083501264507,0.38323438851636893
8000,49.64651579952298,13.795272257556093,25.166072053926946,1.136271324982584
8500,49.182217849855434,12.988165039489225,27.839739796703327,0.7248430758878746
9000,49.68291902504677,14.68784888124359,26.788024097673407,1.8761960497956311
9500,49.314018903371455,11.067612452006216,25.038785678114465,0.4532807021282841
10000,48.90358317639301,12.852031700236934,26.3732222009023,1.9066255270896142
10500,49.382538007358775,13.453478191734641,26.52963680396173,0.05423765317885265
11000,48.72989073186874,11.723796584289435,27.58819181372795,1.9681259388526469
11500,49.112811340630856,13.023406526917647,25.706639108627446,0.4395391035437084
12000,49.82191701256704,12.625302929454822,25.341899912495478,1.6795554885078021
12500,48.66650579840924,10.408972608232306,26.51259306171028,1.2963428944849427
13000,48.14125282579151,11.829261599430502,27.866321467565967,0.823426465972338
13500,49.07781085314563,13.208088619333154,25.20567902395242,0.38487899728265096
14000,48.02281342664076,13.126395873304034,26.28623144966529,0.5099271653062045
14500,49.0024808770952,12.006861965584672,26.963845939872193,1.1985314714168551
15000,49.4187763766915,12.357238268806828,25.6058373431611,0.7568076065410199
15500,49.96965232635337,14.73725569398146,26.631932326350466,0.4909384912793533
16000,48.52443228627097,12.987917534883971,25.472051603129245,0.5891482791422762
16500,48.66444609644524,11.28473930327876,27.885940272213425,0.8086587935740162
17000,49.047224319429844,14.291258218777731,26.936358560582512,0.9426057396247762
17500,49.449842769404356,13.72932707408739,26.347403571411697,1.1280148889995782
18000,49.47427517869143,10.01493265811709,25.935623151658085,1.6980070083415482
18500,49.22772237941381,10.284813169317912,25.086889117279327,0.3088608220851068
19000,48.53300527128768,10.08016707291607,25.33683837477232,0.6609729046406652
19500,49.251236449022464,10.844055685837278,25.530682138419824,0.6060798797194067
20000,49.92388675663687,14.204766419438293,27.333820783786102,1.891186925108754
20500,49.65508922859683,14.952418992037344,26.17266796484684,1.1721987869090489
21000,49.87996585193383,12.409184965606533,25.013499930779727,0.9790577955381452
21500,49.087214605450534,10.862265082518507,26.759403655094474,1.0591145135347053
22000,48.433787107611735,13.243444640308184,26.06624345585851,0.8471273337595246
22500,49.947345621529806,10.829750750089921,25.79483350494124,0.97616746030656
23000,48.7847009153376,12.670413116972401,25.380515980567413,1.0036635778142817
23500,48.093785540209105,10.012576323632336,25.182197098382815,1.6281382733074714
24000,48.679908782863194,14.978977474680905,26.024700043640422,0.3172901878142258
24500,49.603134306652606,11.270284529596907,27.699812680033588,0.46556821184822117
25000,49.081620188159974,10.872714497499771,25.360510606490482,1.7823316662644118
25500,48.07417688545915,13.010626487205393,26.46321580492655,0.049444884690434954
26000,49.089640264118316,14.551217808073897,25.96278313900186,0.33286442022281837
26500,49.51621540585641,11.221969880841037,25.997482298338095,1.8193880351584397
27000,49.29243253395807,13.922484410849277,26.350424689976943,1.7245625027811788
27500,49.18368593606023,11.468057780468676,27.60177529232493,1.2109289316629879
28000,48.2570060943058,10.42616024457405,25.38448503704135,1.8438570137274635
28500,49.193576738879685,11.734850416841915,26.972342160090527,1.8643758578649354
29000,49.7271308610018,12.15447507819097,27.270394962574336,1.9406030993825887
29500,49.39570742986069,13.45203163416699,26.860598187240054,0.9010702047281787
30000,48.55945585270992,11.413357743795645,26.24955227232904,0.8128805858491801
30500,49.26655156881981,13.94068415857517,27.10074502688587,0.06998072793501664
31000,48.04336166948983,12.339138670653217,27.030410720575627,1.0680766871360063
31500,49.65942773279937,10.925335156013295,27.996563560425304,0.649688128370838
32000,49.721788818542734,11.040716685681712,27.372683932061108,1.5126283752515826
32500,49.579486492754185,12.263417094256504,26.820751119265754,1.4420941622633432
33000,49.52424171078623,10.224567449553666,27.035775684563298,0.8872818568102259
33500,48.33926653090448,14.350829927482232,27.70194866961527,1.1894241873409863
34000,49.51912718754148,13.680332958291388,25.02501052093334,1.2657640243717456
34500,49.95268848800084,12.291144704263894,25.383978488598586,1.9413770865266875
35000,49.88328088154421,14.163187531541528,26.584682930819948,1.380703660326999
35500,48.3740502521022,11.042674151663942,26.529298160238188,1.5284861217068613
36000,48.87019960175481,13.183686013852036,26.378062746464998,1.259758583876296
36500,48.64831352782299,11.968971938072162,26.217388625028125,0.2638843384738849
37000,49.04322804615336,13.964230106637157,25.210597885579165,1.8542228251176545
37500,48.97495387904276,13.393481198130289,27.205019149972674,1.4614726701107656
38000,48.46903200373427,10.80278060689834,25.84711791205282,0.31504399422843443
38500,48.854233646783165,10.684388618373658,27.926042456079337,0.976272261047205
39000,49.13364054274675,11.864767095209658,26.717723261048015,0.8110827600911132
39500,48.78149753091743,14.74272112666062,26.639205615825908,1.1657862477420906
40000,49.106449516830025,12.875814820517022,25.257148401007914,0.03764069277424964
40500,49.20309984898947,12.265421723447488,25.251663088076242,1.9575926327039839
41000,48.5842602380861,11.02999315500571,25.7075038880583,1.5348743913536522
41500,49.25845891237779,12.702482375701905,27.544786195878892,1.6185032393022607
42000,49.52484580444808,14.999714446497519,26.917796119286983,1.024114578309839
42500,49.378143462165966,10.706877126173314,25.915310568597224,0.34034305971733003
43000,49.663269948378655,12.439061168955089,26.72870811193103,1.3659699575404478
43500,49.91943014065897,13.211766814173508,25.366720309366507,1.1130168934375666
44000,49.92477821142693,12.081390077784535,27.38229632682664,1.2551500810793408
44500,49.94552889150928,10.973712238332366,25.826691349509325,0.9712333781668385
45000,48.04673339560499,11.560204110000864,25.07597850502503,1.4305007102244043
45500,49.89508932282604,14.190552746210628,27.070668070597275,1.4019994337886887
46000,48.0791449567118,13.186753435180592,25.774552912073304,1.1198273733308446
46500,49.69433209572348,12.401112372371797,25.714816076880478,1.0565397154284082
47000,49.962706262713155,12.66691190473722,26.634207357778408,1.6807839468660706
47500,49.760021762495214,13.004291130862295,25.50711786543065,0.4288576882805559
48000,49.545482774685816,14.141423980740157,26.893715270217083,0.4723807069401287
48500,48.55363780982847,13.64385649828085,27.8668007975454,0.30769644054917067
49000,48.771452053148636,11.671338743445215,26.45116137290492,1.6093737815696492
49500,49.220214904400656,12.554593715283655,25.607867303969506,1.5822464186488532
50000,48.761888068422884,11.705658849300589,25.800094168529583,1.9807991819430093
50500,49.834014402510874,14.051034904916504,25.992965021739813,1.8071290222081071
51000,48.312744014950006,13.265342250102837,27.621978514710783,0.8943996531053915
51500,49.34968248816175,11.39672614008456,26.031491885237237,1.3997294574137136
52000,49.475793090907736,13.6680107322187,27.643017614213242,0.9126093821416692
52500,48.67304743992774,13.250504293138599,27.78294746185647,1.1332726125560657
53000,49.776910423293735,12.272627120047193,25.99641517108797,1.868146611624064
53500,48.96046177353499,11.08326640199001,26.84527497869833,1.877704942921878
54000,49.55453285780886,11.361907627036704,25.570063365478013,0.7720487339455302
54500,48.329245398919404,10.033722613640654,27.071070768609946,1.962764570703248
55000,49.6728099617162,14.124480288957868,26.04569722158346,1.6769750981498288
55500,48.72068196851244,13.521550375863098,27.58817870820998,1.0804793563260597
56000,48.5600704142489,12.261845128767021,26.454807382572483,0.30565718650708984
56500,49.959539578084964,13.036884098903867,25.218418162849435,0.7842223474264045
57000,49.82980429670719,10.239697143487174,25.300182461646543,1.0963634490544507
57500,48.10222299864286,11.687974071219415,26.38130158743251,1.0378615031180485
58000,49.754252413368945,14.26358527221753,26.980945600616792,1.8918253196413275
58500,48.32127494536633,14.574056756118356,25.25445181307676,1.919540891614785
59000,48.968022773541925,13.032709147053229,25.68808633754875,1.7760356093216465
59500,49.462804921755584,11.429166874576163,26.16726752585842,1.8699225838598135
60000,49.205325918610136,14.404506302743837,26.98918371990832,0.48035274935241645
60500,48.5736876824882,13.021862612493198,25.23862604359976,1.7513824541019642
61000,49.73629935895559,11.090473866294735,25.450547746747322,1.078418638261687
61500,49.53884398629252,12.117460730525579,26.81997151467263,0.6216141513630131
62000,48.22096317696858,12.626638089479076,26.459613407139855,1.887183438495929
62500,49.95463987888153,12.819565974674308,25.557398536229016,0.007378517873965151
63000,48.57912100753492,12.040207326562967,26.282254091339755,1.5111107271593809
63500,49.848956372044476,13.42280892008769,27.177381507603048,1.9476013031966712
64000,48.88104783593401,10.44620430549753,26.302571905624905,0.4037364221403168
64500,49.57484536088386,11.159501811490863,26.995568279880768,0.8190841616742488
65000,49.82976279806608,12.344494752090684,25.445034522245614,1.769560276941577
65500,49.54392471181004,11.889373720786713,27.460276409271927,0.8088774297102059
66000,48.153573091246166,12.85090732710793,26.759388237011354,0.14474227030558962
66500,48.64322938346665,10.615239512289149,26.147923292775758,1.4221398313394478
67000,48.35097080674206,13.847952003640845,27.19291627054893,0.8361666399455574
67500,49.54797730288873,12.604739393408266,27.888689295348026,1.2223203030023688
68000,48.97752838199647,11.144339789225977,26.949583249867914,1.0187332915949212
68500,49.20635195548985,11.176567923489998,27.75189756113349,0.9789823700220428
69000,49.962204087432625,12.166407928479668,27.235421002397384,1.5160992314556059
69500,48.27335085688119,12.83059821764327,27.491427207188934,1.4982097108815926
70000,48.585356272379535,12.521758734366387,25.43439230911184,1.8526595320432113
70500,48.67924257918162,14.211994352339849,27.779727133527278,0.3571202970538292
71000,49.889318742307644,14.093979772088673,26.98258001926096,1.3641204444347799
71500,48.62256348638603,11.655625997101312,25.816784633474516,1.3099469457308646
72000,48.815671510583925,11.994120195106936,26.17236009210401,0.8978203395091975
72500,48.98426099682102,11.230038763218154,27.083794217799046,0.30572525415195484
73000,49.292102634091414,14.069357384908072,27.305356750514225,0.6936772579020976
73500,48.07823492654979,14.006072593454444,25.875796873549337,1.3311088511325626
74000,48.6713489098792,10.778142155015804,27.08320978841485,0.4751099746318661
74500,49.282847284407055,12.50801787634964,25.843363901135113,1.4939676454694168
75000,48.11413102561367,10.646906294233657,25.453270805758837,0.8290082045642788
75500,48.06363733121936,10.347136956990363,25.7629759362667,1.05734296845053
76000,48.816849942051036,10.625691036476965,27.99750401355515,0.3660590509939241
76500,48.75335640261932,14.895749133251517,25.670228114294282,0.8395532750830903
77000,49.06534132028506,11.036201124291651,27.423286241851393,1.5543645397157737
77500,49.144151217596225,11.728976725453755,26.87063920497915,1.977809244817967
78000,48.63812573275739,12.275862008298926,26.985648470485156,1.5586633928657576
78500,48.33007570235798,11.429565157801461,26.52812774675958,1.8520453333343696
79000,49.42847104562686,11.594533582066514,27.330423402116676,1.7405365199904779
79500,48.34701892722732,10.24086597723657,26.375379324036807,1.0049726904045406
80000,49.68583318243508,13.18888008510772,25.121782837772702,0.5985502952106052
80500,49.174625257805396,12.48754998920889,27.89726213864782,0.8563413377693689
81000,48.888523230055355,14.896619391191635,25.88180294659572,0.3103507963913368
81500,48.81459763000319,14.07226737160616,27.222670443491317,0.6925108931572341
82000,49.84357792580109,10.45181992283853,25.647951529695376,0.8131223400009042
82500,48.410405013301485,14.269431124008648,26.69598096422139,0.3450439926648221
83000,49.1709368666535,13.418369697921978,25.888913193593098,0.8045943995361249
83500,49.54829779466391,13.492296612981947,27.593527069749477,1.0533840135217427
84000,48.85888566191753,14.482834903577078,27.446887140146597,1.8043734615124318
84500,49.425754147937425,14.666505668943039,27.074421851325788,1.6269818690212166
85000,49.56804181231474,10.429851296167692,27.526202095416423,0.7266279725076046
85500,48.83853058137737,13.933796732514928,26.17762986698691,1.0675330513040842
86000,49.1761241040417,10.381420598377208,26.013138947268956,0.10677082124142578
86500,49.201655198737676,12.63925835114415,25.58977133325232,0.6246058889729282
87000,49.69276017280301,10.571216683075129,27.69965450997137,1.5865841363142088
87500,49.400611000343766,11.971023077555,25.549644341635542,1.2376696657390578
88000,48.74510494038037,13.817204825701767,27.281711352907426,1.2420360140946891
88500,49.060629178214704,11.817051748694924,26.35228705269136,0.8085208619626061
89000,49.54542120865839,13.204899188171396,25.39678284541679,1.1506629199874032
89500,49.45761607269989,14.568276159062416,26.156610796836112,1.5573867075725671
90000,48.79935226742332,14.699327355307616,26.255459751771475,1.7360213450714144
90500,49.353885249744074,13.934078381471798,25.62887548869766,0.41131467407362
91000,49.674632018790646,10.724706556337056,25.68640868247603,1.1986934010885046
91500,48.16390602109777,11.249546428683812,25.192716443131886,1.704328050533239
92000,48.32652108586385,10.371004628455605,27.820163176730823,0.8299251872931475
92500,49.47545253587627,10.866212992658197,25.464858191775612,1.3228797043239189
93000,48.398219730605376,11.57178663366216,25.905702657693148,1.1750100956648597
93500,49.82789420416832,10.453163072324289,27.049567215400273,0.2677968997222655
94000,49.21156288528883,12.419021334015628,27.281326818819107,0.3254879870184375
94500,49.71690065008367,12.165703188933712,27.70113086425995,1.1591117649835336
95000,48.165045513882276,13.797167747196076,27.08357193487356,0.23321543492908403
95500,48.69607235471236,10.46397627756643,27.760878793789704,1.6747596655323918
96000,48.71141425189018,10.248732861539501,26.55165463480041,0.0010448777688907285
96500,48.77008582718644,10.995612167056258,27.42979298425102,1.5234490024669995
97000,48.28730273271097,14.34820360942653,25.74124232653918,0.09657786575804406
97500,49.585160750764864,13.264984322395371,27.033869654305647,1.2224594567589213
98000,48.15455871793361,14.846506332763743,25.933514466881284,0.4493500124985019
98500,49.65813416788497,14.625695386324546,25.576146735473245,0.030163018163811506
99000,49.3839610112816,12.25972906911636,25.77468508558502,0.617197154707152
99500,49.647480232276855,12.334214945085334,27.873335831320485,0.19317784350169154
100000,49.87212348962628,12.395529394543265,25.809212021588934,1.720886919579093
100500,49.75600442470338,10.701787840287004,26.356659421135866,1.9658800769067426
101000,48.77520228654803,10.34340435424549,26.774376355721884,0.8691003115460567
101500,49.21768121220644,12.82634962891304,27.218895570647767,1.540648915684553
102000,48.15799476143498,13.580755286869909,27.851296298398676,1.795397670785365
102500,49.60262994367385,10.453088199937369,26.67208349622758,0.9714641326760927
103000,48.13307970388768,14.87011174469966,26.901894076872978,0.20136672521873167
103500,49.545564565343305,13.049361795192082,26.524308988686407,0.6659022076631562
104000,48.99916443113639,12.87666713985321,26.469772423302718,1.4057947078973376
104500,48.896413015947736,14.968696235099209,25.247106409360228,1.720079711959572
105000,48.1886244359601,10.110059902966357,26.43505063273603,1.0040709966083485
105500,48.494713153737806,14.896271317778035,25.370850391145186,1.8986408916095079
106000,48.45639482508464,13.874508493267294,26.333750803805287,0.8813802668538013
106500,48.19551964375351,11.757640828782181,27.435071906811412,1.199842467567377
107000,49.18734553794426,13.135801615940526,25.479053660651044,0.017563948710845878
107500,49.93748321612657,14.421783374116377,26.712648581359634,1.6923240803825006
108000,49.6266541614405,10.425127006680423,26.26203716303974,0.1650401161371231
108500,49.09878884677279,12.968786344048794,25.345749987022348,0.8788778688692218
109000,49.9475412299456,10.858380578021809,26.05289597910052,0.9109796949852513
109500,49.212038967378696,11.816640966699206,26.085074283215313,0.6899207475200739
110000,49.99714796393373,13.5542889594429,27.75713370896981,1.0979885628568584
110500,48.557774362980574,11.310361592320039,26.358146715337057,0.6090604039187835
111000,48.43608293843208,11.156324817525864,26.434905098628914,0.7456591410599218
111500,49.68431792771505,14.56626109165834,26.709135300744745,1.578416513380797
112000,49.36198412973235,10.919546854373355,27.359075885349924,0.1849114763944799
112500,48.24559372684993,13.459856153251433,27.560241265504118,0.36080939085288155
113000,49.14192078981951,13.127727736045456,25.03629035651874,1.318514835083294
113500,49.15227849808986,13.63926068612293,26.37056638002038,0.5193244338502212
114000,48.881665781114386,11.302915995951619,26.065956857894776,0.12856388857287593
114500,49.25086330073877,12.692235363057032,26.525246621934173,0.4619644142860042
115000,48.85239730046813,12.375932435181557,25.85849405543875,1.5820717759436245
115500,48.65485153633451,14.56102089976044,26.23816117938915,0.7902221865330215
116000,49.21217498300557,11.744107224879532,27.831877423122915,1.4943738204197348
116500,48.496599952064024,13.085049411460012,27.924937615152825,0.5082922330035855
117000,48.86137725746837,13.218675233242138,26.414410601677965,1.4084275739683174
117500,49.26835064493996,11.130510948993884,27.612503863884548,1.8515699003423323
118000,48.673356437366955,10.548169855775667,27.209610926005404,0.10446040124205092
118500,48.52329887018238,11.896993459990423,27.98030288174003,1.281999881761941
119000,48.64642916094157,12.440447627310824,27.02044314445104,0.7787493944207622
119500,48.113177245115196,10.562313634423544,25.914921651557986,0.4091285229911319
120000,48.98590538030264,12.043377602448455,26.033743848936666,1.410376671875137
120500,48.178556403472896,11.046531403629961,26.921708882835766,0.4271527833988946
121000,49.87999480827959,14.350921713972232,27.57395218372613,0.06487585341315372
121500,49.23995482400831,12.431619796795403,25.840289108674217,1.58904098037765
122000,49.26660048279691,13.337892812872765,27.70387247881229,0.19180019648180546
122500,49.51787239707565,10.204555594333248,27.68869465967618,0.8867818401929308
123000,49.619815375685775,12.105999603752291,25.003931633402868,0.187648403934082
123500,49.25482774810399,12.844419783586641,25.00142128179476,1.3311033806412211
124000,49.99766802278474,11.291800781130574,25.553551998000277,1.173831696968711
124500,49.47533280191741,14.981628165004135,27.0534813137039,0.35422026867660295
125000,49.317525743193784,12.682645829985276,25.70921043698973,0.3069607192562427
125500,48.53259445089224,11.655565189854581,27.813006715234792,1.302339079308203
126000,48.86290645716827,10.999449838077096,26.51821393822428,1.8848035967947878
126500,48.88858211968328,13.786123230660252,27.136422761950264,1.2231046958811091
127000,48.86457054771457,10.796929599332316,26.201100394271123,0.35053405391817827
127500,49.95072762325081,13.369679553508757,26.822446515843982,1.2113522701308628
128000,48.71868633919811,14.160257993941313,27.928933429172442,1.7634772782597898
128500,49.67124950973276,10.655435694646819,26.942431563940914,0.3842968246867282
129000,48.814802328891055,14.005211794167026,27.08143249076781,0.832356950290329
129500,48.14945387618536,13.845656709616861,27.87842588461037,0.12081891130583244
130000,48.329474196928494,10.957777386837826,26.16667168308596,1.1615981516971163
130500,48.20244351732299,13.998885153827935,25.937235213833528,1.9640101121075237
131000,49.260598663735976,12.808665298226561,26.525545957575975,0.7328067572640546
131500,48.49070908635596,12.184028717326903,27.164164988828386,0.22060603952146485
132000,49.42208840490864,10.209764249807122,25.879104721939804,1.6262880727414883
132500,48.19849790959081,10.212853125546456,25.359875220645854,1.8669383476069372
133000,49.0197367877332,12.72488203599635,27.383870754034533,0.4907618744711306
133500,48.764842953623365,10.681015700315927,25.601922907489083,0.6052001388315358
134000,49.56316822682449,14.372922288069557,26.050006260734815,0.38103359073486587
134500,49.209194473765,11.751026135663473,26.02953895842291,0.28022984940262874
135000,48.0960275555967,11.505240825548151,25.814867980066634,0.815830559430772
135500,48.19869011236348,11.982637472167148,26.308817532749195,0.15515306027859954
136000,49.96430599052022,14.77836586154152,26.9179052138454,1.2561285419188002
136500,48.74398546561709,11.138973637662119,27.523859511416497,0.14272785120871045
137000,48.237501412000896,13.84118842365597,25.91378340386704,1.382681185063695
137500,49.043777649734174,14.458143454427994,26.223807944507094,0.5968937280449145
138000,48.11697399581092,14.07655590039642,25.949859819342233,1.158182402640367
138500,49.88875478776198,13.830759271473852,26.88945481114898,0.5864355992858201
139000,48.42982316643795,12.480546354017063,26.65895978396567,0.5277547101597675
139500,49.531370684217706,12.157167797690274,27.19936099163189,1.882117544500839
140000,49.75186730840618,10.244552463537692,26.132344441621115,1.2263369419296322
140500,48.53869042730939,13.232287355889145,25.883743048028034,0.6776313117424821
141000,49.33462956995833,11.214466868814991,26.25635242435017,0.27331941513733904
141500,48.26830135374448,14.507577840178044,25.98435089277918,0.01615255247389258
142000,48.925266671029355,13.393775887907498,25.129159742021123,1.058214219013006
142500,48.09190517392325,13.162053291481648,26.48282951025566,1.494217246944131
143000,49.65815644837592,12.492632850831939,27.931124562969593,0.9656512719602164
143500,48.052529422190524,11.496823082287271,26.978998143372905,0.5103057969143705
144000,49.51308467726284,11.406827616569153,27.635159997452675,0.6039788476959045
144500,48.17745995599954,14.053994123896846,25.353031555699875,0.46759293453546746
145000,48.32151837557124,12.887598516056427,27.178636436007764,1.6154198394773431
145500,48.834647114605765,14.81896609830785,27.94795277325754,0.6892944174430762
146000,49.32279773637406,13.142641295865396,25.851656527870976,0.4403762371140556
146500,49.21094067161999,10.941220684752931,27.994785904061654,1.0286238902164277
147000,49.113396205194775,11.093858228084988,26.851232112586708,1.246725613648861
147500,48.11878536171303,12.587218845879365,27.216623103836394,0.38803620158070373
148000,48.36682786312853,14.701210455396641,25.71543558401939,0.538592943280074
148500,49.358567180299815,10.293654524244127,26.540859746144825,1.1143982436650688
149000,49.38991988111085,13.18515280708597,26.932422057872238,0.9949847391458648
149500,49.03683226084967,14.767170086832195,25.60217962192982,1.1900616578241736
150000,49.113470696859224,10.93213032682121,25.06415902675367,0.3320424559070496
150500,49.18699205524305,12.634906270690292,25.640281613415645,0.37090316340091145
151000,48.37106214250398,13.994931909894328,27.539927207799362,1.423922213219356
151500,48.94689129258739,12.119773750699414,25.796558619842042,0.4936382922997964
152000,48.856162224727356,11.420878663789583,26.561232552023466,1.205488763556938
152500,49.56064143190757,11.844129780246744,25.466344145668334,1.5310646838979722
153000,49.38259798459312,10.920409963472128,26.59399393557092,0.9022409509865588
153500,48.97115984653796,13.092370806667628,27.72502531098741,1.218931893674523
154000,48.304815301328134,14.843716642663484,27.742832993206324,1.1576641889980708
154500,49.020575914352456,13.296851886375771,25.785883812301343,1.6957524295922393
155000,48.21137855105451,13.030913855968436,25.409723747760623,1.9215312713518875
155500,49.24319689341882,12.97976605254767,25.137803333508696,1.9570623429733993
156000,49.30572622030122,10.417776914660102,27.98656331273991,0.5041920348910849
156500,48.47594422866698,10.619110816748039,27.39046832637145,1.6705565467527053
157000,49.01487553225347,10.587698395551696,27.030531000405276,0.9250106263946658
157500,48.92638159942651,10.563712955806979,26.77415716252007,1.7363367881396583
158000,49.4767496577289,13.324082222296516,25.28592636340956,1.741223198097927
158500,48.634089064591144,14.9605592708559,27.76433298996548,1.6183747884283666
159000,48.529154279874035,10.394392727630205,25.834441685227084,1.5612956479796336
159500,48.00143355760669,13.616633248033645,26.769126124605947,0.09689358224518152
160000,48.516827218577745,10.962726039468548,25.71846519895314,1.1592074859848815
160500,49.98170295115408,10.279713230352314,25.4491451387254,1.9606687603186097
161000,48.73849550808056,11.839545995504373,27.418860009059344,1.0275387947974322
161500,48.962830639002554,13.305958090962285,26.764132953669087,1.3237487289345464
162000,49.51784374236005,13.094965302016218,26.51959974724872,0.6748007028570076
162500,48.38478781481411,14.794440085605991,25.788033197210176,0.6150023872006709
163000,49.68899758187003,13.42506032827448,26.038199134138694,0.23377774111274752
163500,49.36637213707493,12.112443706699263,25.071216143020166,1.297652196265628
164000,48.136972953102045,10.661217391636626,26.98861644308099,0.292277974084997
164500,48.75588345635873,14.1360050242242,27.23830773124498,1.6731619191485947
165000,48.316304240109126,11.263447825737192,25.303638735526626,0.7533865507848718
165500,49.15788367491038,12.085864049646837,25.592349695664954,0.17028148243891605
166000,48.69500466229756,13.756952286570465,27.747903269000826,0.9429314905649364
166500,48.68797699178573,10.582632877366992,25.154058319973117,1.9060225217011841
167000,48.890166484411495,11.965846475051345,26.183756627610446,1.0033158080535574
167500,49.65179193796814,14.056205618165578,26.51877818632063,1.3571836683526937
168000,49.78088098361651,12.54835669981865,25.501004205026565,1.021911660642626
168500,49.93010648305087,14.659267803398254,25.98556422106988,0.6169786345470292
169000,48.444558244243936,12.480083322294288,27.43992421146735,1.6761785673564333
169500,49.233199801802115,11.259199554321354,25.407597779406984,0.03147945433458621
170000,49.624967893737306,13.377286192886366,25.99461861298792,0.34833427205487344
170500,49.66403591040205,12.337985119090856,25.046038017586646,0.6243577559472635
171000,49.91965064995356,14.706717043333295,25.19395199476305,0.9647594942157207
171500,49.18527053379443,13.680412303523415,25.97769181902737,0.3541397474105359
172000,49.32748809152581,10.470860400129512,26.908535507283617,1.16594152150717
172500,48.85138722626276,14.65752818166262,27.131709653070057,1.6241566133276122
173000,49.90472345023465,12.473029864064374,25.355397191364467,0.10849206101713382
173500,48.96063065753361,10.739909509212469,27.654538538642072,1.1186259466053656
174000,49.611410960065434,12.0867714530488,25.38621360675638,1.6416872963369287
174500,48.844389366824956,10.522973821523042,25.52742112590068,1.3355402026423997
175000,48.617476772746734,12.839806954510044,27.76145799520615,1.8480085342112735
175500,49.4108598433324,10.321553296921728,25.700415118334902,1.3851429475404877
176000,48.42541986717919,13.599621227826553,26.114947730367856,1.9135210695917906
176500,49.313108271393205,11.916842946424962,27.82742925842019,0.9460878171793972
177000,49.94012002349512,11.798324607701602,27.7535773423643,0.9188887509141959
177500,48.56211072969826,12.693816247050583,27.549519810215237,0.4383665104367589
178000,48.79708845945104,14.79332543240412,27.933274296774442,0.7132850479452333
178500,49.85633494959406,10.40471871688525,27.911204578285435,1.9414506147932802
179000,49.36296990272153,12.297807075695363,26.416194785902796,0.48455767656953164
179500,49.284472134885185,13.357719204094458,26.965220196751254,1.1357784227854213
180000,49.02390722424516,10.588664798594921,26.742985261927352,1.9585610480781215
180500,48.321959178807944,14.408204967415468,27.862644518851628,1.1618827593512842
181000,49.72398323472397,13.616989803188792,27.889198866296205,0.8553407515899114
181500,48.64041172838508,13.862866055900827,26.883499457310315,0.524557387785408
182000,48.17945672976402,13.582039997223458,27.654888127564593,0.06044419327692441
182500,49.44894458622406,12.081032692980386,26.05192072627165,1.7098150044480964
183000,48.42556948796765,10.722156279061492,25.62883072601894,0.8313742831597677
183500,48.8575948095757,10.62287398286956,26.807483401305763,1.6168909773086253
184000,49.89539613482351,14.985603482264883,25.306278619903622,0.6455799860546096
184500,49.476362102252466,10.923874986782298,27.277233118984373,0.96682204946099
185000,49.36826696653586,10.197912412107431,27.430264263942846,0.9628564701324489
185500,48.9400945731379,14.104249935301983,25.16643165648744,1.4594996932444817
186000,48.23841478704639,11.861943087054772,25.317627665044228,0.4605711686806193
186500,48.13969668744491,10.90945619064179,27.118646697698335,0.3138787024346341
187000,49.18795777065416,12.110837854571603,25.4333444175801,0.7469032029148857
187500,48.61460069049634,14.513599637319352,27.913212055114027,0.7692545633410726
188000,48.83219503768519,11.771559569632023,26.77501105788654,1.2771230775223448
188500,49.93749703748441,12.090106819509517,27.495605330966427,1.1808567427221095
189000,49.99255668709248,10.60369667205925,25.927963739437487,0.4883736216153036
189500,48.41343830870593,14.45675680674939,26.626510269094894,0.6994352856531498
190000,49.194114739174054,10.36235060791324,25.53229891773224,1.9529861864656062
190500,49.4102350709963,14.71938882311237,25.418382191890412,0.7192157638396841
191000,48.94093123882149,13.130955893722966,25.349611916467104,0.8006577155351573
191500,48.92767238540184,12.23899419408595,25.81474468335375,1.6243929795771115
192000,48.28935852768065,14.77074301541715,27.321934017463548,1.237192552755733
192500,49.914528336253674,11.28804987909202,27.354397827875196,1.265263118716577
193000,48.27262801936782,11.392699583521878,25.92579847574585,1.2263204052217285
193500,48.04820008492588,11.345146948567166,27.188729036871333,0.4309856381165875
194000,48.8653524356248,10.94419727534945,27.907909268542554,0.02348441951509339
194500,49.03727702828327,12.388460210316548,25.839350005238348,0.7116223338654468
195000,48.30816761487307,10.590065079199352,27.3213460435943,1.7744987560513499
195500,49.270808948588254,11.127348441979304,26.459405984166267,0.5643248679506736
196000,49.776852810721614,12.367477363403559,27.844221380904916,1.906764864523467
196500,48.535277609822906,11.388279027550489,25.295308388736412,0.3008817365772918
197000,48.368803673605036,10.538314888811325,26.071719325812587,0.3712061489653049
197500,49.133733504219826,14.969213104774974,27.033497367454736,0.5592668247270769
198000,48.49174319628622,14.129840658002145,26.275139154817897,0.8483860075167033
198500,48.39954919876226,14.250732344226858,26.259593787576247,0.17772666027638873
199000,48.18859137798881,11.573459785718367,26.34231909292701,0.7440789912112304
199500,48.195081461028245,11.98164867589189,27.252396729391887,0.5745646774685387
200000,49.898109797733056,10.896847770190002,27.163394476531312,0.6268808294946675
200500,48.21212002439383,10.351222520987683,27.797220310802093,1.4115560761570118
201000,48.97157289310986,13.173294674353723,27.749829365656016,0.786870997777078
201500,48.02987837995553,14.203144129664834,26.15163065676736,1.1502170919437855
202000,48.88445538347876,11.927866454327102,25.234051347443856,0.37474736453260227
202500,49.66843701670773,12.22526808171374,27.907110224172985,1.323980123290889
203000,49.981980878220455,11.741390607789995,26.68630629892661,0.5658680485907355
203500,49.13634380044485,13.830423253923527,26.640168977818792,1.0130602850250108
204000,49.980778786182114,14.7796577769346,25.70550687569879,1.1443556202347727
204500,49.99243974800859,13.569202511506912,27.314627485644102,1.0291278218201556
205000,48.73084516940316,12.510782970265524,27.04329161070772,1.9125019907571135
205500,49.01328659148032,14.44491332309731,25.954573941409492,0.17860952414171138
206000,48.18012893579701,11.555983939668561,25.48174349462576,1.302216231933834
206500,49.1852511090748,14.322130112319227,26.89441952202467,0.03899060945930999
207000,48.44480615744634,13.756216751629887,27.930830482371274,1.3636564209803872
207500,49.154231734738374,12.785005514078323,26.33239141376234,1.8562140639297215
208000,48.684159879485776,14.240084105181676,26.579709541446228,0.6835680088476959
208500,49.13344180592021,13.557981479118961,25.431716566781883,0.9643246918691144
209000,48.43241954762713,12.712180596996863,25.46682188611074,1.9651497216060376
209500,49.11851108045726,14.679653299125224,26.333037162361087,0.8788716626843338
210000,48.0872289392155,11.965558912057533,25.340136449632958,1.9197255485821696
210500,48.96528981766765,11.519119911794474,25.69213511413914,0.4663487202267258
211000,49.082236881405535,13.250898064083884,27.261970137169484,1.9161273410601996
211500,49.67635292522632,13.645119388778483,27.725064441831133,0.9866757073002388
212000,48.14642181132954,13.167742068747867,26.72728185901696,0.2407794441276394
212500,49.21812671638441,14.18148639282984,26.71716590149399,0.0860515382228948
213000,49.19206361545901,10.353704788345564,27.163317511897255,0.7429077528131058
213500,48.47704652607675,10.399224414559278,27.431937778796136,1.5254252187133506
214000,48.728423383884234,11.77131803047139,25.86313854646745,1.979568941940724
214500,48.92566870476729,12.126937143012016,27.337987851019147,1.2388041521966298
215000,48.593612499116794,13.533385055966582,26.765739827061562,1.3630660886302348
215500,48.41430151684247,10.344508434012214,25.78745701478726,0.8234491906738639
216000,49.004381094597534,11.633130680951865,27.093941348239138,0.4671537531280163
216500,48.827690261367984,11.777367559780771,26.07251217792305,0.17129423228410134
217000,49.7901849612427,10.377563217601228,25.55403882807533,0.5151709298475373
217500,49.36276987759351,12.181864996168441,25.565022329703723,1.7538732886313433
218000,48.92836872793829,12.697140919592409,26.504046230007447,0.8927897140728327
218500,48.19384332296241,11.7750435964078,26.0809656801585,0.5807166812418267
219000,49.398305445686105,12.756730226565356,27.422706345167477,1.2566423148394734
219500,49.082767866984796,12.704374610552435,26.947488540907727,0.7981560923531492
220000,49.776247154624066,14.37752905686304,26.321389002371298,0.012280838044428144
220500,49.25963390119178,11.825613897034149,27.480122871524433,1.7620318972684343
221000,49.25733671173921,12.326344812018098,25.32431046889974,1.0009593783477155
221500,48.63181906331001,14.026221314584392,25.91440611470581,1.6138797539174705
222000,49.843339142538305,14.119488972515693,27.202765409195923,0.7596669273266761
222500,48.24281039286606,10.085537431901667,26.857119865316104,0.5677542264607847
223000,48.81071718191813,10.525333294360003,25.8655707384276,1.5331121897475668
223500,48.6525166036342,14.073483395910245,25.956061895875113,0.8748652775588934
224000,48.46318874578297,14.909882536973338,27.38716925814466,1.675137496308515
224500,48.70868028036765,12.400683099347429,25.759425417384225,1.6135237111018614
225000,48.92286087531226,11.685685271581002,25.80865754946529,0.33127694684924514
225500,48.481864840530136,14.445984608173585,25.39183247002103,1.7736177759082352
226000,49.87458650282971,12.018354047544161,27.88231306893713,0.35679501205167274
226500,48.231490599415274,10.0950055453208,27.080411670239293,1.7300580517943545
227000,49.0731753023021,13.770920287209927,27.666634918785437,1.003018531007167
227500,48.53254724673363,12.716387527510499,25.245533654188524,1.6230192932731728
228000,48.81323376088287,12.618218558031,26.271148387008026,0.8206969531957857
228500,49.80507233730487,14.28910772663638,25.279790223758127,0.3609282693675899
229000,48.391905559753155,14.80280448978262,26.223982698847305,1.1643838962767206
229500,48.253708670793316,13.420127893111111,25.529089200679707,0.4672016445235805
230000,48.96916435788909,12.708611637412709,27.44760625972136,0.932956022303665
230500,49.08935807555001,14.311601679490598,25.00175464468751,0.23478979143936574
231000,49.38020889780236,13.650562622600015,25.48147981333809,0.29627197056386967
231500,49.00733481759011,11.28765288837789,27.15574412268306,0.4119095230725578
232000,48.15668796811568,13.610025916157355,26.943816197592483,1.4746393280036199
232500,49.190993890618486,11.28204318956119,27.94815938490362,1.532797930771672
233000,49.96831867271973,12.113369279222765,26.75076580416423,1.6989953817486643
233500,49.023309043312686,10.492786743972362,26.642546925570763,1.5636995706807655
234000,48.87459863223364,14.787779877961283,27.381277794792684,0.5193260874692107
234500,48.713067431136444,10.761216843135129,27.38869477959067,1.5931218031605907
235000,48.275512187218155,13.117075883812177,25.384728768922326,1.333080312173872
235500,49.25447129933755,10.150956697796202,25.268848429223134,0.9036141362817551
236000,48.5011096141819,13.501531369485399,26.34194332623333,1.2702659101779068
236500,48.75656392876179,13.228967848968665,26.270644902122903,1.5677349582146842
237000,49.74487817689838,10.347606160700721,27.292741913154916,0.03616602439574912
237500,48.88603229503639,13.80090596767742,27.35405021218267,1.5585696222444547
238000,48.49044462420533,13.731747644951245,25.50516498107639,0.23374045815130318
238500,49.20274315328,14.696800426229583,27.27849781684277,1.3225590245525656
239000,49.96757817371531,12.021891958642783,26.712144871629185,0.8046811999539372
239500,48.33553349715833,11.849275988217947,27.786149477974195,0.8808867369596909
240000,48.29316470578502,11.902738782294723,26.738730841361715,1.2720180376407249
240500,49.14213299912773,14.641978328016485,26.554542892482516,1.5865849574104876
241000,49.03318784727629,10.40590477283438,26.219202031839888,0.20102939520056617
241500,48.036884271591035,10.546886838759704,27.05716015659669,1.1620571978471255
242000,49.60642965995562,11.85246799915664,27.278681510883313,0.7646794293956432
242500,48.96892872884864,14.441622584526057,27.52349601345233,1.077080188211675
243000,48.806985025677434,12.601605377923669,26.087003735903945,1.8026466959253609
243500,49.38622883986782,13.947653192189021,25.514307868637783,1.2721997498584525
244000,49.94535589068609,10.83594767026892,25.6912341991364,0.6296401626053645
244500,48.049123092943496,11.169960657317796,27.91345075498649,0.34407804854520463
245000,49.52234915815637,12.320657044296166,25.2108011179681,0.110899546291235
245500,48.5367830163027,11.948593433345021,27.381813379431748,0.9794747434939759
246000,48.0186179015419,11.994032992014516,25.042374756054205,1.8777426684843779
246500,49.793748261288,12.903676566616475,27.74513314028617,1.198605514599201
247000,49.133955108864555,13.051418344814891,26.008020766689484,0.3936269212180239
247500,48.818214694391926,10.02873247834644,25.550699095113544,0.9863460825515606
248000,49.28132334075271,12.297949546335108,25.12020725928055,1.332385261943255
248500,49.9969093246402,14.44344434320228,26.25744514447556,0.6181139422780577
249000,49.044594695526804,10.225756729832984,26.508044144024286,1.0879402164185634
249500,48.38314549761511,11.653298993047324,26.099432904959464,0.7480285975908412
250000,49.49124600563077,13.25667732804116,25.373585430700018,0.6271261955590373
250500,49.519213432341296,10.652398785476375,25.65013843645571,0.18657255357888003
251000,49.59755732734531,14.372410696562554,25.63798063316499,1.7568183033215694
251500,49.224121720980826,12.524397821648495,27.254138779595472,0.629561202545895
252000,48.5202662792696,13.713175657058034,27.2727427149108,1.809246443651667
252500,49.027332267587546,12.840969935587312,27.964835500752613,0.14796507309908113
253000,49.87736369776528,11.726080392752445,26.759915796112782,1.5079713010080387
253500,48.19282493680019,12.549018349646719,27.282468800773238,0.5795700647006325
254000,49.536157710424426,14.177008834691527,25.699987232841405,1.1581734366223837
254500,49.27647241609416,12.96021483831778,26.816321735343628,1.5155865667065442
255000,48.79352326108867,10.079632430154243,26.425687466041996,1.721673877810384
255500,48.71157348340527,10.35274822187873,27.799341317244107,0.38187308242152107
256000,49.69865272532804,12.218664090286165,27.512267647187656,1.6686278455195025
256500,48.93875856139375,14.01633020265735,25.660533149498214,1.420260727595273
257000,49.7105287983085,12.351588034761425,26.137234365039376,1.507989131293393
257500,49.249751239200066,10.673703840914333,26.74077945716013,1.6397810942206266
258000,49.208875490474476,13.058819182565097,25.443054130204228,0.655797223223334
258500,48.84266347421899,10.082170702728906,26.762622228126574,1.9779516304328555
259000,48.28120789740518,12.454096023333408,25.311902380694818,1.9456755204013516
259500,49.292592401859615,10.530598520740613,26.77721315528406,1.4969873903918283
260000,48.81220137212462,13.77560736626184,25.622367111453414,1.1476527216810817
260500,48.658615186530795,12.83220964563387,27.988859615654782,0.44461306082609253
261000,48.05282267018684,14.369457777088144,27.545713901946343,1.2168816600984536
261500,48.83821530265922,14.027461777563074,26.57728486307743,0.6821511089672354
262000,49.02366959975106,12.9774091767141,25.641231123945552,0.4831315456595098
262500,48.62108106845565,13.118169562027385,26.241937419125218,0.33223935668631754
263000,48.217378698252425,11.817217596125605,27.400824739637315,0.8875701132342098
263500,49.09761357981519,10.312007948223219,27.043262188131365,0.34023560041790213
264000,48.26213501019389,13.859996809258247,26.241696317469167,1.1182368131947185
264500,48.75285584085804,10.957133169057425,25.64978208511291,0.908614026610236
265000,49.168360169325254,10.650361139102644,27.92728184495848,1.4241779882431997
265500,48.193994946022926,11.425815356152961,27.539356185212142,0.19164646530021812
266000,49.89477185429194,11.093144429865493,25.380656919929674,0.07483413637831693
266500,48.19014570277498,13.883345236524898,27.329147015148425,0.14145089875146422
267000,49.97356341326698,13.200385186095374,27.25623868376236,0.3310869421889109
267500,48.61611195886979,11.45412667323342,25.94700693950789,0.6312692858674893
268000,48.70957918333031,12.566816874773291,25.88538738648621,0.8651854156937047
268500,48.30660587157746,10.993854644685422,27.16054535308819,1.591827930410352
269000,48.34488316133066,14.544357028466397,26.060684782526785,0.48453726742603687
269500,49.60692249007598,11.623731853059647,26.180925480487343,0.0936251246487585
270000,49.05360300527432,12.593161323102812,26.531217874060072,1.625904521385596
270500,49.6028905852522,10.18394097184695,25.146859449500738,1.7135972666652555
271000,48.80994237423794,14.027594102942846,26.65653913387571,1.8140732453846582
271500,49.584297159126976,12.003403547630315,26.269933611195242,1.1293519979936237
272000,49.71970050306449,14.48149548633921,25.989692005929655,1.6040223802819926
272500,48.6657229318582,12.990214860549372,26.01821897197086,1.5888271375037388
273000,49.26905505838497,11.36984242207996,26.6103787755943,0.5270944947778304
273500,48.39847444648456,14.831603921297514,27.578650389449905,1.7459442504358955
274000,49.2060491640582,10.586094307426123,26.273339000936826,0.21502719183886243
274500,49.82385651721311,11.285057044121446,26.323640767901452,0.0837634163944283
275000,48.845246706887366,10.168044955743566,26.56145759147977,0.24725665339172087
275500,49.49774496203504,11.181529491922118,26.48548449632287,1.9919512020023928
276000,48.59299506183936,13.293445616048029,27.279954242469376,1.5478815251892053
276500,49.5486835998078,14.524158799925871,25.423323400594995,0.5853449192959086
277000,49.70769668860201,12.058585395066368,27.63817977568514,0.7800552655289317
277500,48.62446834953526,13.675647841889553,25.663829491674118,0.7077009361285587
278000,49.885598134003224,10.889504991092673,25.293378510300634,0.5159262330702794
278500,48.5355395559873,11.170137399561991,27.22176054531828,0.316488905798314
279000,49.58294281008877,10.34809851408782,27.504153272598526,0.07072396337595821
279500,49.973261419451866,11.840098549108017,25.531208835462415,1.3290824531487038
280000,49.46688183909134,14.403925589539405,26.231506300650445,0.7655353337204887
280500,49.18860192046357,12.484590310758236,26.076772000088273,0.6430755765328833
281000,49.37097953579523,12.614575710354256,27.539188246313497,0.3999513222410369
281500,48.00602296828938,12.67284904400112,25.76032249395556,1.5312984103552
282000,49.07124099446285,10.048453945577709,25.561551397104914,1.2516552336981683
282500,49.663870334097695,14.079375601193485,27.156679416325723,0.790341628706503
283000,49.881855380375704,13.189947183365014,26.742848912778683,0.9432254576308357
283500,48.14231298080227,13.364208459543683,25.978936884793114,0.8793264769331504
284000,48.93117729266985,14.720271317224345,25.960192504498803,0.3481239199652575
284500,49.236711968982846,12.482029587971727,26.981836777559447,1.4769114060420938
285000,49.34523817152153,10.46171334260749,27.252204233275656,0.2584051997432939
285500,49.01242052890221,12.351233438047684,26.832768224510687,1.1195636794830999
286000,49.96511728590833,14.693302637752918,25.09140898477997,0.2153210454236274
286500,49.80046520766366,12.365704809054002,25.62540054256657,0.46019302927899064
287000,48.36306815085354,11.471942819646108,27.909551482772144,1.3710580136816786
287500,48.591064045191224,11.073997506170898,27.092672995928126,1.9768627820583167
288000,49.70825333462672,13.576715889586907,25.924359371058717,1.3726044506246224
288500,48.69589931868052,11.038361590832961,25.590318215640256,0.7219773187405694
289000,48.14616959017366,10.427280654733716,25.71359821552187,0.6061089975422613
289500,48.58315711050981,10.584888690816967,26.583987765691916,1.615053732306997
290000,49.63237512963666,12.818437721164138,27.93050494046573,1.6264583416776295
290500,49.25881184049879,10.893017920094746,25.591372279821627,0.6160231391826423
291000,49.266139660033026,10.635728711109634,25.981721336047574,1.6982382927871926
291500,49.60143264505434,14.548722153799782,26.061384616257158,0.9454497801613198
292000,48.5948497014129,14.297947209386617,26.928260519117607,0.7155285208255004
292500,49.21188580607413,12.60938802249346,25.834274774954903,1.3811238877244185
293000,48.7545260773831,14.95959994313177,26.424482546216904,1.0420308122455992
293500,48.276996043129564,14.417447438122071,25.091641703438707,0.4624373603618781
294000,48.33039686334043,12.16086370692281,26.18769435820884,1.3579718229931859
294500,49.178540141562834,13.374842778674846,26.773719314433375,1.3596524201304143
295000,49.02491430448515,10.849145699753274,26.94221581978595,1.6705125226532658
295500,49.021832940290025,12.103191770992174,25.146748625499715,0.8295588614637204
296000,49.517812244426516,10.143366220076132,25.139174750457055,1.0576361528070761
296500,48.84422553827351,11.642957549003777,27.060834739065385,1.0513576244395981
297000,49.6118438179389,11.651060681412183,27.21212010939531,0.9855171650754249
297500,49.89075510970759,11.054179640199362,27.824778156740514,1.1976416983866252
298000,48.60012003460386,10.75108551343452,26.813678958047273,1.5094455457477753
298500,48.966492645832076,12.520109844275424,25.486495789880472,1.025562327128807
299000,48.254694787494415,11.924955091628465,25.225112909174253,0.16970977560543732
299500,48.20049348620741,10.517529059023095,27.581322505476827,0.11945051834036269
300000,49.847301644301744,11.79263471049021,26.225020243607975,1.2113536971634267
300500,48.94053358641044,13.017346137004836,27.800807017538954,1.6961692984925254
301000,48.089437485292784,14.171088961926838,27.336372888141128,1.268572039370097
301500,48.54602516069655,10.25781165034309,25.26835442827073,0.8605977203602588
302000,49.537644051788604,11.41255184700951,26.764315999185502,0.8806983664630559
302500,49.34867022999036,12.773818406342565,27.076485243969735,0.03146773129357383
303000,48.47371590247072,14.360125870653391,27.956799313161493,0.02106002147512598
303500,49.7670538938974,10.798301765009162,26.612548087844893,1.8668468740711521
304000,49.038068900462086,10.679721996776212,25.977511391235172,1.4765469556151944
304500,48.63379670127949,10.194089261378995,25.85841455528728,1.7904669395703694
305000,48.61443795779665,13.16421021392365,26.25767154613777,1.872659957853448
305500,49.222907704521866,11.406097424785546,25.12078195235972,0.08146578806139337
306000,48.67866105975184,14.608750449756293,27.86263452297993,0.6109119220735628
306500,49.1500813969356,12.276703254973638,25.325748915423297,0.7315659997943875
307000,49.56274831139562,11.92480996596554,26.04073069565328,1.104074410226861
307500,48.41017811861169,10.414660054586257,26.6117086633998,1.8442586257318516
308000,49.6118558289474,13.548521400544981,27.606435053393344,1.6275851089226294
308500,48.60610753409574,10.440932232783188,25.928234247764767,0.9425666639613104
309000,49.04010534529476,12.936330392063178,27.44999400116208,0.9292722211311237
309500,48.294272167851894,11.12677373226308,25.471692992866302,0.5133543762095125
310000,48.20525580260227,10.475962986714206,27.237484719082673,1.4859144915906621
310500,49.32599724770062,13.92428515831317,27.81987556344599,1.8341316753419992
311000,49.966236650578445,10.50055015133243,27.85550370297891,1.6439567137530409
311500,48.61405292646138,14.779242583514005,27.86037646733824,0.5174103403591834
312000,48.82150496934567,10.236129076454203,25.174415619803572,0.5906637398803771
312500,49.51453352105653,10.01121240290467,25.086635628014385,1.241518401644325
313000,48.297854630161574,12.074024177223265,25.574200685508977,0.7010149987974865
313500,49.56419325174898,12.468689766026017,27.04576269269944,1.7639911633372702
314000,49.742532853762036,13.038811184513085,26.01637793446495,0.33677694780164535
314500,49.83814799962536,11.394981102948659,25.277537727087754,0.9099049910046304
315000,49.54194059410259,12.512884398143614,26.767957982377126,1.641208593174581
315500,49.93566815683192,12.170535950742453,27.505399334935777,1.7790306446766726
316000,48.405361330655836,11.525719191744887,26.520136231954005,0.370550364970311
316500,49.10052101755602,11.961400508296059,27.6541109235814,1.37491921513945
317000,49.271121332020066,13.07106344802255,26.580834170931702,0.6493602476798919
317500,48.70286150272324,12.970339071461929,27.917765339503983,1.2930995872416662
318000,48.451959704460144,13.820177920596064,27.26502152582379,0.38079767151082367
318500,48.246662139028125,10.960308905973532,27.030979936893736,1.1566975195146219
319000,49.31466421860344,11.986960521191287,26.725738776956796,0.9789053310690554
319500,48.83154358689666,13.290208732973884,25.15455954411355,1.666127547647013
320000,48.97271182498342,11.91137413887317,26.63387534142516,1.4323454777737041
320500,48.70034801550291,12.47874275349752,27.87653642459147,1.5209623064770916
321000,49.22486879374694,11.585139947168088,27.962785670348204,1.3707466149326657
321500,49.46652254556716,11.65739512693828,25.017884945842727,0.13125831406894117
322000,48.66429824346087,12.501225674643369,25.512329814983342,1.1741214374846287
322500,49.810948039439516,14.202556522608443,26.962598654844168,0.055120817720911264
323000,48.54506648477893,12.042364417710775,25.087448298192502,1.544819990505477
323500,49.30261278746216,14.751399868628244,25.67744103290519,1.7776308441622977
324000,48.16547337592977,14.133136021940109,26.685025675425045,0.7372789401966273
324500,49.61860458938783,12.318432100143138,26.44488373792712,0.27175073252664106
325000,49.15098145482667,14.948742243239803,27.630283435225397,1.4773363173375376
325500,49.498563325486444,10.231679418877206,25.15672173163917,1.1692491948306014
326000,49.85894535806971,11.411050667323465,27.07641568716282,1.4659915591653647
326500,49.58590010471131,12.113667094387974,27.436987308593018,0.9842550439672855
327000,48.10734676049341,13.03398629380475,26.20222220637592,0.68725363371213
327500,48.77923712951109,10.953081883478916,27.88415383561726,1.5395712887466007
328000,48.16032173507474,10.097826626552223,27.901854002051504,1.6847656119928625
328500,49.85790315396878,14.290238426373213,25.405464559324383,1.6592572157477394
329000,48.20155983677491,14.724332167029427,27.44747610897997,1.8323773850585985
329500,48.12168521005933,13.46897399155333,25.765503524845023,0.7174061938337093
330000,48.62936151588315,14.981987557303377,25.553933562035333,1.3330646706399643
330500,48.60163990195125,14.365087040731801,26.450233547577316,1.5338860460650343
331000,49.72489539444331,12.278477605359193,27.214945703820987,0.412929770947031
331500,49.38990749577917,12.830549007082826,26.93798381698669,1.7612251833660966
332000,49.67626268801155,10.957666403332215,26.983543744453307,0.02185406771307341
332500,48.027716524988016,14.298470222279411,25.454057564710048,1.0203636811960868
333000,48.48837956424571,11.393215418358206,26.188441078293792,1.7112802728272267
333500,48.709315656996665,14.843226865991898,26.95338846861579,1.931835567633292
334000,49.99493690346087,12.873701269498985,27.330313086465043,1.4502215202398236
334500,48.275125352706546,13.543107106266515,25.33317525618645,1.752662965392853
335000,49.948865299577555,12.080500162386922,26.702795032525735,1.2749176854097954
335500,48.09504006126522,14.186994800870487,27.697234834115456,0.8369415657026587
336000,48.64789505007526,13.641834923788876,25.14400383013208,1.348418737438505
336500,49.00450112504564,14.252454273140481,26.325469430807605,1.6697775098492418
337000,48.1953133937188,12.331584164095588,27.206494148113816,1.9130337834039373
337500,48.27030409397968,10.439490323713974,26.198978300605432,0.9672975642614583
338000,48.36584205324128,10.689133743470073,26.903673775368954,0.0727006275737927
338500,49.423843144709245,12.553101453778549,27.816375887964426,0.050823320103301484
339000,49.53469762284628,11.156431057929474,25.78593471133398,0.27976449944249926
339500,48.36249695133562,11.24828783240833,27.285161964564683,1.8892219129033665
340000,49.06474505312367,14.221118256997919,25.590157645811868,0.3656386775489995
340500,49.68985065916404,11.246906183848925,25.712092825236375,0.43205933677809183
341000,49.49010322232249,11.491406925373022,26.84836224378141,1.5006857085397352
341500,49.45188806245262,14.9729870792396,25.01797089924831,1.9522109096543636
342000,48.10079145664473,11.083836434665322,27.800644219010906,0.7162762900609863
342500,49.924877681517366,10.709337199273149,27.01762717696436,1.8052543247177737
343000,48.03105150287307,13.523423751193427,26.445129084595326,1.4514104043514167
343500,49.879713675326805,11.1104339903478,25.068537880107314,1.0129594175784333
344000,49.872090042618,13.962261999215025,26.2163876034773,0.6551473129430716
344500,48.453550572102145,10.807136595468203,26.39210166816529,1.1752273533069162
345000,48.75292940316207,14.399239257635342,27.805012856951024,0.07363153160623392
345500,49.787399482434076,11.35938614731741,26.876229168789198,0.4011017892784461
346000,49.40420826696744,13.946015424673366,25.869341467995383,1.6070273645069881
346500,49.20830971810415,13.059355080442757,25.012808094429136,1.170954235210089
347000,49.887992670029426,11.98491440494764,27.080259852402314,1.8380926245796374
347500,49.543096671067524,13.959989351475215,25.873619177078098,0.5646669343536597
348000,49.9973493822639,12.366519983750038,25.263339483621113,1.432022534421696
348500,49.01674803423896,14.906976867106497,25.05399125466963,0.44041509178425353
349000,49.502244991769444,12.965498869345222,27.797886511347908,0.2307363493504233
349500,48.58467700657453,10.924505092264043,26.711312639820505,0.812131370120035
350000,48.84638433822812,11.079607251077634,25.01540601940538,0.3830857343228258
350500,49.90387959944563,10.676200842421588,25.76402529346118,0.9995551373436817
351000,49.109602809332024,13.209854578030855,25.39573027324991,1.168475642844758
351500,49.17297531770207,11.868455920123845,25.94757673701559,1.1698662292044746
352000,49.53345879157149,10.522472170652417,25.083271807397267,0.10757280897724963
352500,48.84679837541697,10.78440528130234,25.67759948633267,1.5738684763771984
353000,48.43775196200463,12.457164215429703,26.353912310170557,1.789813260892493
353500,48.98858889396973,13.767866789717168,27.790460222162054,1.4835447250533522
354000,49.68132444744287,14.668951351256993,26.83178662387203,0.06775843718576136
354500,48.13241181595788,10.345430639088342,25.854716046292765,0.8410022732785569
355000,49.574646290061715,13.784142475919056,25.619436945182095,1.7158608872173846
355500,49.38976590496454,14.216497386749484,27.617117783038488,1.0035361133138487
356000,49.091622289652186,14.9528352952537,26.748722274446763,1.0099561008780695
356500,49.81958535068054,10.786118330768263,27.785649363025826,1.6351912215147861
357000,48.393910121444954,12.599818464614572,26.097041339030913,0.12474318543748253
357500,48.59279052086478,14.059224965141386,27.895925086695627,1.5129294334213839
358000,48.6873179132107,12.895424404027311,25.265036523363822,0.16643800580166523
358500,48.78807596227527,12.419507073955254,27.761929615255568,0.8632545454343659
359000,48.36246233199407,12.617696943350152,26.04789684112142,1.9384336838993106
359500,49.39526134133777,14.716672415326476,27.05991611096097,1.2333390148412673
360000,48.47591231947058,12.174584277528142,27.173775881661427,0.719208846010815
360500,48.2224587838837,12.942180668357377,27.455119022198595,1.6638056224494755
361000,49.43989405620498,10.42205968679912,26.765290581774874,1.367948811646483
361500,49.521960477076206,13.614948980349968,26.33689309536544,0.0955101914913139
362000,48.754476673044884,13.753613408210912,27.93117178224466,0.05695610984360222
362500,49.505852245828535,11.360123371606287,27.28147564414101,1.2592330334091422
363000,49.588832032360216,12.853323070570893,27.598762816577775,1.2907955450251973
363500,49.484772533940976,11.336441937641165,26.36695798315054,1.9745993134241642
364000,49.79317393741882,13.562506336110536,25.331554404921956,1.9987252559330748
364500,48.946610242288344,13.208096911518362,26.764163719323662,1.7557761245071861
365000,49.174016314455315,11.699781951843233,27.757336317625803,1.947274381397859
365500,49.881064480122326,13.99255480815331,25.294321708876588,0.754309823721705
366000,49.394540137636525,11.902892754643666,26.334151375398065,1.521154837684096
366500,48.87932945118302,13.231277128315497,25.18816510674407,1.6382664188734728
367000,49.60448461117257,10.778956298396974,26.6428964378707,0.02350179182485279
367500,48.77798586146857,10.550259451547067,26.000885308002246,1.2483329386943054
368000,48.08122474615623,12.496267946130345,27.83112472887501,1.789080958206192
368500,49.70629787820072,12.44875407870523,27.215040481669305,0.2343294300185712
369000,48.298872176089276,13.533900627937166,26.125360470258396,1.042406158076801
369500,48.58057774899081,14.956465315811325,27.40608005985078,1.301413198934177
370000,48.018226150093774,14.245127133110103,27.751506278914203,1.6725942841935737
370500,49.391550566839605,10.86743407342147,26.41591986451673,0.7179751539230539
371000,48.86421172233294,12.539553919193008,27.57047827879739,1.8026830552879771
371500,49.91598270170388,10.141190312328993,26.702278139610005,0.02717262659743347
372000,48.93205496231129,13.61062132036384,27.236846963091846,1.6572646667362492
372500,48.21765120700884,10.272243949179307,27.68794534838142,1.3489125408451925
373000,48.65585224749814,12.79923951132937,26.080277741739433,0.14604515004890595
373500,48.72600291199422,13.394617637463092,26.026392215924,0.988137845078197
374000,48.52028691870949,14.362986758359774,26.16891920325042,0.11503236218721713
374500,49.69839759532285,11.88810690760706,26.746102395664035,0.3857750341215129
375000,49.76796178927862,11.584627228172515,25.821315631476732,1.6159996631866913
375500,49.13779438620686,11.251764906002789,27.674162820244753,0.15923635687547
376000,49.68465889525179,13.802314619073831,27.798945897975806,0.9661630017853027
376500,49.80216927509121,14.2101617918866,27.516877259906497,1.5438925668974843
377000,49.39360324267741,13.957703505926654,27.842794492378943,0.22568610760558494
377500,48.188883497461745,13.146945505672065,25.57157607277391,1.2044885269898344
378000,48.41997262224641,12.024932272928371,25.063868176185526,1.0721316150361875
378500,48.499239212790044,13.99011031612606,26.412662462042075,0.4485851653603128
379000,48.887053727216376,13.89290750308743,26.935788182477875,0.6387551312669377
379500,48.25595678772457,11.02584179806158,27.940169906197394,0.3654770559169398
380000,48.26112169150327,13.404899988684951,25.254294730554097,0.6374008454789586
380500,48.51508553972512,14.238455217317377,25.866870576166328,1.1420893695499281
381000,48.31899926023649,11.74749081224413,27.257881650237298,1.465981515537803
381500,49.058370800642756,10.447321116672764,25.28926928135277,0.5091806197482953
382000,48.77371130090657,10.74741721171761,26.056076212767955,0.985602381125716
382500,49.11354773700603,10.05202399275568,25.197650055848396,1.6998352519017617
383000,49.511805659067846,10.965595499172503,25.321647615408178,0.08250191859142264
383500,48.6871007449569,14.073517167037691,25.10208900994382,1.5709402721356913
384000,48.78291648753089,10.639275407772029,26.633803181215768,1.8651154687892493
384500,48.75307599208372,10.633173616151472,27.911939401809835,1.7481663300020118
385000,49.45460247477113,10.070551722708467,25.942301123077826,0.0775564555994317
385500,48.43481481277497,12.264006715671371,27.03477308043859,1.002580730348165
386000,49.488346597707455,12.942004204714529,27.64409296052877,0.2036534371474792
386500,48.37971159543911,14.853617696832952,26.23129652585304,1.2032487500365217
387000,49.22591277952788,11.896660413871256,27.102199306577578,0.34669017614544684
387500,49.3947791177275,11.03320343758574,27.965921455261352,1.0053029743587247
388000,48.939785418794024,13.400907859207177,27.965114892600575,1.0829360128555183
388500,48.65081230863338,14.409993738062573,25.32942951275998,0.6452292643969801
389000,48.84026948977474,11.115982395563558,25.2078859551034,0.4609906856189152
389500,48.074972870277804,14.65316107329063,26.001521002724825,1.1115134256439356
390000,48.616132488603256,13.781375722012235,27.272738805106176,0.2785182332663634
390500,48.04862374944788,14.95854204326821,27.30589696640928,0.49639964726371466
391000,48.150948102831485,13.908965475609815,25.695532515883038,1.637516531059783
391500,48.56949529351186,11.490107772185224,27.7036169349782,0.13165014437967715
392000,48.113548666681226,11.427537784252253,27.00572547603413,1.550403390324722
392500,49.832304149573226,14.693411983476317,27.195164071757542,0.8978343549659336
393000,48.63974604667699,13.442600159039007,26.932216621821382,1.063809779042721
393500,48.966726941288044,14.31498943355446,27.169894976279217,0.1538249165451464
394000,48.32188214578799,12.197696532547589,25.279230584941715,0.8565921885406846
394500,48.02631517260828,11.03864106791794,27.24257905573606,0.22055186917350778
395000,49.45172677990248,13.335065111460906,25.989051084208917,1.982190611886498
395500,48.64374041358178,10.73725589983924,27.85699087950306,0.9683324522577139
396000,49.45848523154889,14.036447865840481,27.783221936115872,1.2255961297002274
396500,49.06951002350642,13.513871441576027,27.182395996363233,0.13166644520370574
397000,49.968835914863995,12.662765241535553,25.90710671792938,1.1328163024992801
397500,49.49005238454289,14.493430168770963,25.20141683370315,1.5327342032126812
398000,48.84936894891764,10.659522082435092,27.629617575224632,1.4284564177193564
398500,48.21422976357934,14.232231191113033,25.41126234935894,0.9407626425456537
399000,49.41246673046896,12.280012870517586,25.114682598610834,1.1796169090385336
399500,48.83308802251082,13.954980485910285,25.573317371570905,1.0832224937239927
400000,49.16190558317433,11.630569039650421,25.752752494029465,0.8650540094606576
400500,49.68626507743102,10.845475862874121,25.77953532073517,0.27183325125857216
401000,48.89387792897186,14.229230432839643,25.674721327756505,0.8587290169106261
401500,48.00764604602572,13.45975997783928,27.088184481355743,0.4531565244100728
402000,49.681227181294545,14.594453100713151,27.91446570224157,0.15261864664387437
402500,48.18253012358323,10.599697751254748,25.283759142095736,0.1048083416274721
403000,49.611249796323975,12.171720912178067,26.561772397188406,0.42692801060082886
403500,49.27368138326292,11.181962419152253,26.33213027627804,0.77685083140725
404000,49.49403702649224,10.081594657838506,27.495844639724247,0.5547133906194057
404500,49.115979036140374,12.924129682289625,27.625675194965616,1.0583035823069618
405000,49.66540525776848,13.355042793823982,26.71432277836549,0.9988251387525251
405500,48.88970449441753,12.600129182262899,25.29846403430096,0.8445410581836064
406000,48.566017031153095,14.001526757012453,27.150622796856425,0.5680008417170956
406500,48.59616968109768,13.119694720423272,27.346756973825357,1.0615756065611806
407000,48.064220732210785,12.087552349880973,26.050954663382885,0.8352859855121455
407500,48.69022608478896,12.309666340980135,26.15871976637913,1.777990332997334
408000,48.27519289569818,12.920811697490752,27.66543209611636,1.684047610928432
408500,49.3950014503806,10.906763561540416,25.835249492398123,1.1133582365359496
409000,49.699832694957806,13.79031024627749,25.30882668756101,1.4798387038790726
409500,49.40497205328978,12.185599928847004,27.150500567210077,0.3615541366251207
410000,48.37741978245498,13.556336557849434,26.61052941111086,0.5468755899748241
410500,49.39083334717611,11.639647360142407,26.134706200749076,1.819690432212648
411000,48.23605450483443,12.531377793977455,27.08806616465066,1.8176512374669256
411500,49.79061571060086,12.643827676901182,25.364943321741787,0.3385130643629599
412000,48.784382518938514,13.089146041084344,25.49004775045756,1.0478268134325521
412500,49.022915146048646,11.411911158085479,27.307976504326817,0.010125530837212349
413000,49.14490639233776,13.05885489056994,25.815113054059847,1.3666542693882378
413500,49.911059516014504,12.140508482787158,26.267340883325623,0.7845262045382706
414000,48.538207812770786,14.985969489644202,25.575162366144408,1.9624562761060702
414500,48.64715863553606,14.137809959560522,25.975326235706603,0.770121785296628
415000,48.61306662065626,12.37002602942146,27.066322515880756,1.9152429664288262
415500,48.22186373719569,12.519692485219313,27.55279038012771,1.7932006691813551
416000,48.25463723070332,14.230837099204653,25.505356010636874,1.662287271830503
416500,48.3100670564235,12.012637681919507,27.818894990093412,0.9461355047424742
417000,49.20578863897712,12.32454185036062,26.022922537426492,0.7289711209044412
417500,48.127533320501705,11.18027621194386,25.455962673064068,1.7534294081520923
418000,48.47310542902398,13.298914262216012,25.37885083105392,0.04073871441211874
418500,49.762310098886736,12.842751649899306,27.628322922169705,0.032935967621861906
419000,49.39479534562734,10.32825508733945,26.548362785580863,0.18323076106867564
419500,49.88740222881397,11.634186476204654,26.33440679109731,0.3572402147657594
420000,49.573026712689625,11.757715530510666,27.00442024461457,1.202489475831803
420500,48.703683851968144,11.946117293447298,27.137508712451837,0.2502210044982318
421000,49.077378407924826,14.873010091595397,25.341988239969904,0.9464308297812545
421500,49.31937894732312,10.15653316940484,25.937758901486607,0.2428365415670628
422000,49.55431693006044,11.684153076794697,25.385108597695467,1.8215798435845847
422500,49.37489246102394,13.870937745085548,26.54437729625363,1.2278124921162856
423000,49.707902831065155,11.73469583252538,27.214538423398736,0.6602646565722017
423500,48.020932409188234,14.769305744079452,25.730361861376842,1.8459947464695345
424000,48.82078440436001,14.597633649510431,26.53224802109616,1.5838779537983376
424500,49.0468036988743,11.646943348621114,27.459163666417155,0.37207333200711146
425000,48.99809245943071,10.36379042293051,25.225643691783066,0.4429383811773331
425500,49.32843143225475,10.71777245303846,25.893501315095243,1.9837175807166474
426000,48.771263429836026,12.420954592435715,25.84707533709763,0.3459677993814523
426500,49.08904945303898,14.832339065645137,27.15742150520005,1.5804683018908225
427000,48.23477211240509,13.001387603197326,27.19655867969065,0.7012549593125401
427500,48.192387440481745,11.65430628738384,27.800424207355064,1.8825028638781023
428000,49.03442438782554,12.828739417822508,27.77828716345708,1.4389609749764647
428500,48.83413426680573,12.307848630289707,27.646068926619307,1.0473513770083531
429000,49.70818679942789,13.436633684278139,27.89440340316906,0.8627209279187971
429500,48.31494266547159,13.444620720446368,25.250798899803268,1.699783679713794
430000,48.577950052642244,12.120476073388984,27.150487389759977,0.8876852193365439
430500,48.24959420842972,12.604942937310843,25.20623202697036,0.8397014138669279
431000,49.41438267864741,14.220814328475875,25.879679852174224,0.050651689468854455
431500,49.97306775989622,11.387837971777891,26.325963184209773,0.7756391366731248
432000,48.4191164452602,10.278845218490472,27.65612215353424,0.28723616166620225
432500,49.202498933207885,13.26580618995171,25.254263461694052,0.22352640154419667
433000,49.14737262108941,14.153418156224784,26.766804629116304,0.7899425397598392
433500,48.516826944764716,11.54031662645902,26.2504059313168,1.7867991336223037
434000,48.014043654733655,12.12939609483117,26.786109789218354,1.1826806981632116
434500,49.88468354776548,12.971060688741968,27.329353220620604,0.744327069831419
435000,48.65825904488203,13.196248690145742,27.341519184646337,1.7418195554977556
435500,48.56596208371921,11.859147273552658,27.47691292859512,1.2218386846559872
436000,49.34491135152753,14.533060481258381,25.9810798496996,1.150428333257413
436500,49.48248415610964,12.011425375021755,26.4293705114796,1.4432784688847569
437000,48.950686361647705,12.401375990152879,27.56656855752664,0.15049784136875588
437500,49.049768125486395,11.162389845325109,26.187702839057174,1.0439202443428202
438000,48.11270322222515,10.678655626900087,25.620971117425423,0.9710041080098168
438500,48.48083756382705,10.389458847763477,26.81043554656831,1.832536074441695
439000,49.81078887531321,11.503852986973659,27.689347018866165,1.1473694400618701
439500,48.38789439289672,10.552856061567285,25.69643989371078,1.984684192726961
440000,48.96293207748383,11.474524979052841,27.505736433797267,0.5436248436797342
440500,49.63022769269543,10.452835473552732,25.10559170487378,0.4808171127467271
441000,48.1534568199959,13.425289464887847,26.749605713947414,1.3522936320101226
441500,48.85302513997045,14.842121962652064,26.918057402706346,0.3291786894137614
442000,48.226614135259815,13.150345316405586,27.167716567544776,0.8427187077775413
442500,48.10496130570799,10.556482021829181,26.740541406317988,0.24418153588450298
443000,48.49913795409465,13.891770563228977,26.463815397044588,0.13804785348632032
443500,49.39518629484168,13.171875939649325,26.285875853086292,0.44871639339506575
444000,48.51251130085514,10.563671641754457,26.897801990692933,1.23094847857219
444500,49.65509487164636,14.575231963681423,25.813042100028316,0.63873815432877
445000,49.11173215816733,12.61333850969628,27.097902198121584,1.728833656302001
445500,49.89032599642897,14.627818956286948,27.747806894810832,1.1388648965409813
446000,49.47046831872227,12.658550887042399,25.40948465677042,0.5036806860869514
446500,49.63124990313775,11.844339297275294,26.875297969171154,1.470713200195718
447000,49.48372864968168,11.574654538401415,26.77742856021415,1.890295079700436
447500,49.47479826659776,14.522693945816778,25.48407880500112,0.872465045589911
448000,49.619015795055894,10.823185540131494,25.31331992098403,1.9119114318186863
448500,48.1646336045834,12.13280838526614,27.220369376262727,1.148990455410603
449000,49.93230301025339,13.842349893896701,27.13671869839822,0.8449337769191734
449500,48.53533785757623,10.422015073961633,26.12389959996613,1.1713232692030584
450000,49.822965539119934,11.864493744322322,26.815504375099582,0.06679649379904529
450500,48.312823520511444,12.731002240599063,27.83484363117038,1.7039708198293813
451000,48.647961270014896,11.953251487358465,26.878375860006113,1.471064917756617
451500,48.00435801729079,10.060055493886363,27.67347749659655,1.718781764798462
452000,49.730886554381016,11.933584122371846,25.640796377129032,1.9975661448029856
452500,48.92839272422697,11.246527176077056,26.707538907456453,1.7274767043785655
453000,48.53847204628891,11.093493475988389,27.7350419533242,0.4420308825041941
453500,48.55269303516363,11.107664470495418,25.864240008941508,1.6198889597481054
454000,49.41450646499251,13.006071023323251,27.921744168331188,0.425339064367676
454500,48.22226608270688,12.142168206222543,25.03221277619795,1.5112959578416898
455000,49.12364886467115,14.192665329164928,25.141335010707117,1.991558347183285
455500,48.836108030631834,13.52484348067127,26.63923072714163,0.9462388218639128
456000,49.29716626817788,11.306574086562858,27.161100993661563,0.8740364512648262
456500,49.551924147087,10.80161209812995,25.80399131850156,0.3390105431501931
457000,49.59623695882056,14.7267060513548,27.801717812106055,0.3569696402581266
457500,48.35151666695717,14.92168967940994,27.661131216337477,0.6935978533547675
458000,48.21933719706846,10.589601185591414,25.39957766267518,1.2043735142800975
458500,48.91542858025684,14.82149283741294,25.362678151123394,1.8301577590627638
459000,49.95059923316811,12.677591018937129,25.693479166729706,1.5458086653658252
459500,49.01057531501024,10.480398412935697,27.55913541229128,0.5683323240627274
460000,48.878509668351235,14.801040368304525,25.514143233868612,0.8150972634135696
460500,49.33741068117894,14.858978634419053,25.0561612871088,1.7011399620234355
461000,49.14599441078395,13.701640714035808,27.372506104456576,1.2527239170536935
461500,49.73635102156071,13.499179546630632,27.194045843068174,0.9776166576896987
462000,49.78479802321715,11.884320605780253,27.39892385629743,1.687672962240369
462500,48.281337427359546,11.816117890561717,25.61107634314223,1.186344622645342
463000,48.05571976953123,14.177451666337191,25.24073568865044,1.423485628667153
463500,49.49618124616561,10.130503356491149,25.841103552255746,0.0996018181004863
464000,49.48849392191374,10.909337477167064,27.412866723623075,1.7802169329567261
464500,48.694286593707965,10.972230349661546,25.281765499716894,0.5677169276407803
465000,49.66297120658941,14.036054794129994,25.98038683713288,1.1750552760421518
465500,49.48473899526545,12.718081273369318,25.497027321646613,1.2082243523495562
466000,48.16266088145931,13.029515850849574,25.393022542278757,1.1312172807453476
466500,48.464769505013635,13.004182914938038,27.305628799934816,0.4757111980994133
467000,48.60152805283636,10.84751521036587,27.24436480196082,1.4157836752429565
467500,48.92931475152893,10.409668212832106,26.542944077663577,1.5595576792311154
468000,48.543136344561674,14.648243103083276,26.69083102446503,0.08698164540601039
468500,48.79286043228858,10.290750664415725,27.789859839102537,1.999542503628449
469000,48.52006420320119,14.70178146248248,27.521732948396846,0.11318258379469315
469500,48.66460901673862,10.562442735116393,27.574398364569845,1.5400276207268462
470000,49.45411408823113,14.727005806021854,27.75672065154307,0.4828214989597772
470500,48.06850019790907,10.250402443174938,26.989613537421715,0.26234996738338423
471000,49.433989475230696,13.477511613488929,27.478752673634467,0.3017936415572162
471500,48.52026277687565,14.44984315535827,25.97163448995159,0.7727267330837326
472000,48.45372268845236,12.738544376997758,27.45852151130919,0.11360057021293413
472500,48.40601548610455,11.373632047919548,25.630459398558063,0.9574680413007997
473000,48.124512166056,10.340589610175854,27.229836807744423,0.1485173070882495
473500,48.09544777703461,10.362123250354287,27.117804884011363,1.8898578508115405
474000,49.97038167536793,14.575400411216862,27.572948931403403,0.26890446585894634
474500,48.570832141981285,13.89204586967695,25.840353532527146,0.1175934225214268
475000,49.324350264544314,14.996304168382615,27.692632687590724,1.544711559734157
475500,49.38152913757022,11.263689820473147,26.735453030713398,0.3478271887909179
476000,48.183431170550314,13.642778698431838,25.231586483630817,0.97008415070865
476500,48.473281754918915,14.976229695976258,26.983685047042897,0.8872135040517068
477000,48.28320047793786,14.498147634759416,27.37711454647773,1.607269019980454
477500,48.698934064509686,10.37075768699108,26.84401327581517,0.790246705080901
478000,48.68157240616035,14.051127705824936,26.88621922298486,1.1642920920579134
478500,48.89192246298841,14.222715928795907,26.026464935703295,1.0024936347817475
479000,49.74846304362035,11.380959337714929,26.83171523345852,0.48589846938344317
479500,48.803332294197816,10.361536718945759,26.303705253778183,0.03279244300188
480000,49.47408325066206,12.968176504378985,26.143969401881524,1.223182062587039
480500,49.113836722990584,13.06196117165677,26.67527399487568,0.784655919643287
481000,48.103135823128696,13.151965876661938,25.43736906117273,0.7260369890047793
481500,48.612934190435105,10.99564507070593,26.22040763404246,1.2389101426037807
482000,49.873116397511666,14.963750824190393,25.617543987927412,1.2863038612534314
482500,48.84180929910965,13.971722991469385,26.60617405024903,1.84814612452986
483000,49.95115711225576,13.830216666871657,25.845654890247296,0.9872331492919029
483500,48.81388129479998,12.025996167448717,25.276899133175416,0.07821213649444103
484000,49.748421806556244,13.007668853513348,26.95866198987235,0.7948881046740182
484500,48.637438826588884,10.160868963829571,26.225998470385456,0.1348281967254703
485000,48.43799730155767,12.603220495964116,26.080046491848456,0.8364032976613842
485500,48.71222618353108,12.389511578359464,26.107703864551507,0.702680227465295
486000,49.64452735481828,12.54165854835911,25.502827815770644,0.08256617408058586
486500,49.66835415987997,12.115001008908525,26.2591447197584,1.1878282122236337
487000,49.457179230996424,10.982503510409304,25.434799914003296,0.21107078746653007
487500,49.42302877659641,13.949377301893572,25.00808935886019,1.4091502417381383
488000,48.7359077228695,12.275496992445563,25.566049851936093,0.6591720735415632
488500,49.666720582463746,12.363274625826906,27.23719802208292,1.79086688456659
489000,49.18038675983249,10.707486368529365,25.01146901934263,0.6316753515022773
489500,49.24864733532166,10.813938365706802,27.485282439398397,0.8016594901095135
490000,49.99993596495409,10.975732350607862,27.549022707459915,0.581425340951897
490500,49.10440605137696,13.968904747923354,25.452576415096363,0.64762920076602
491000,48.4741558474794,10.951537282327743,26.124364254934882,0.9199421652792297
491500,48.50185839509985,13.870717956211987,25.931447787318557,1.0159828768753556
492000,48.525289975749644,13.925643307787341,25.606112618667712,1.8696727939806097
492500,49.27467204686913,11.192127323623048,25.826099936438247,1.4412271408837412
493000,49.105093362939485,10.843766966134616,26.39693265611809,1.245808722968192
493500,48.58299372655593,12.791064369420399,27.491734647440214,0.7912760368177876
494000,49.5449230091941,10.175894903052374,27.005529668020568,1.528761954556592
494500,49.05907172361591,14.39251774697241,27.31562065000345,1.553341600752642
495000,49.345660179714216,13.336718501208335,26.382767599665016,1.4006646688816433
495500,49.382095853169204,12.491182625742173,27.974312376229157,1.5838661873670523
496000,48.61778684142505,12.872961480902054,27.32838133731974,0.5782985982283149
496500,49.35178605828292,10.648125262907639,25.209496837738,0.30558969808801284
497000,49.40555941690972,11.93508101630153,27.708998281250512,0.5564598469203437
497500,48.86568351114275,11.924049234896591,26.66830665161736,1.3764804275075178
498000,48.95447367899571,13.416235362700307,25.137285067856748,0.902888736512168
498500,48.31962142444945,10.109117695255211,27.75568751387777,0.8168639002773808
499000,49.65862505454608,12.848090106220878,27.326794330594996,1.7025975125778965
499500,49.18100619012527,13.821249545935498,25.237148211942582,0.26667421802018354
500000,49.58223362202364,10.528405882375539,26.240644950885887,0.2677217280403752
500500,48.90872945401384,10.46831168415732,27.031748226091455,0.4611383691544506
501000,48.67534073267349,10.672299450834755,26.37164199501594,1.4939794320182624
501500,49.53702626934256,11.553876170206971,25.535574430368197,0.7352288329527865
502000,49.8646113503362,12.263678884207232,27.95867802371271,1.1712928064647616
502500,49.57789271593464,11.367345696895478,26.82877555296728,0.9420205676884814
503000,49.621539973159315,11.916995353040956,25.162655458257994,0.20045148435521698
503500,48.74602281041833,10.32611637418519,27.135101309966814,1.139412454662534
504000,49.30484313679524,12.745587129522262,26.669886343985596,0.26322654202758056
504500,49.67722161994941,10.438326854971514,25.556991077052526,0.27061488789703625
505000,49.72693090471291,10.283741428653153,27.5331611795848,0.2734963797821681
505500,48.40813744922665,11.03522933828522,25.837286689754638,0.9049890056655356
506000,49.74316845664821,13.936247434455161,27.436448892172315,0.5001524150315346
506500,48.36498840515378,11.488153561569465,25.22216037723826,1.595656055007426
507000,48.665742627066386,11.39019935770929,25.07750156409522,0.8955622194970718
507500,48.57349740634419,14.471858668711574,27.13341192281551,0.3794332467150294
508000,48.96783128773749,14.625056666307938,25.999125633058373,0.7256858101342292
508500,49.94244181646419,11.363254418040764,27.828340875289385,0.31929507505465526
509000,49.755375784485025,13.956340735141335,26.566105253321417,1.456982364219038
509500,49.046039155002916,11.717264568054075,25.8593563819702,1.9966437529451475
510000,48.044507554043186,13.970144993123286,27.86960967559328,0.11060576299001745
510500,48.62222981230241,11.416506011062275,26.433040794098417,1.860129323640696
511000,48.75838865400973,12.732460473983544,27.608559920114317,1.9846026110222448
511500,49.050602130174454,10.038179923998483,26.734839943493032,1.8938849936998654
512000,48.4765836473369,12.206533067696675,25.01861749836475,1.8206047046929752
512500,49.266399682610306,10.363908967596508,25.059637204297186,1.0010944824491368
513000,49.04775759948724,13.12500760854616,25.33261045043644,0.3118924159122818
513500,49.81740490839334,11.99070688169788,25.591777472574805,0.7525237125868931
514000,49.675786261078635,13.396815529873507,25.911643581414914,0.44912430025946004
514500,49.197999285625706,14.566385677690192,27.98716565004951,0.6787284033334791
515000,48.27584564747791,10.951999367579978,27.92751452251337,0.39492868994394414
515500,49.03398826442693,11.706366224340382,25.478234285201268,1.8306156599542749
516000,48.25627865030225,10.473844640643977,26.222167604750986,1.6026973102033395
516500,48.34140538259082,14.569644226972779,25.767779295915197,1.4035160800755013
517000,49.5675070049042,14.279156062163688,25.139032874861435,0.5526260346773937
517500,49.870809817108096,10.876966983144277,26.31084692705722,0.5505607177240135
518000,48.0076016735546,11.636842897619239,27.342399447456994,1.9080832899209463
518500,48.7770209128098,14.77074022473696,26.44884237914277,1.7955819165385551
519000,49.83522644939231,10.686887709991845,25.754377199724644,0.9465074784372154
519500,49.2595474796991,12.658787950078954,27.2832196668691,0.010002921986852709
520000,49.43283340097798,11.75229997727363,26.03617014186412,1.02771175123342
520500,49.433469780953544,11.855717798904841,25.649377419240967,1.0787484371058995
521000,48.08878317871316,12.99140674873656,25.434213775399478,0.5739526649209372
521500,49.61292469162471,14.199657370760502,27.512676885967952,0.195167565328076
522000,49.36709644865628,14.888235910050032,26.20684785711149,0.21113813643101564
522500,49.819345365298375,11.120505131232166,25.368041565897094,0.2918930085343421
523000,49.132247763451005,11.206553154965006,25.47873086567595,1.0971383093403255
523500,48.1664289799003,14.214187804269958,27.673984700798304,1.432763461543676
524000,49.36489591391138,13.214497249261184,25.56376107720881,0.7628874677775914
524500,49.44979778334755,14.197252437177138,26.201027048330452,0.9288761080237851
525000,48.76873565193867,13.687421565923772,26.122648419886346,1.5396703029468588
525500,49.11056171744328,10.349426047967015,26.860102297970265,1.4637613781005516
526000,48.457333783391775,13.104079252666526,25.878877257843772,1.8561151563474163
526500,48.940194390955725,10.690678261561049,26.639794879935188,1.7383743433251566
527000,49.76924001669571,14.596617406398043,25.618577924424415,1.2446306354891536
527500,49.87397076554116,13.889035758660215,26.91978485938867,0.7087329015920671
528000,49.59748395944758,14.302352579814588,27.73659919815208,0.14923862260358778
528500,49.03906862153344,10.200306004055207,26.207418527854934,1.905081896637188
529000,49.03299465891502,10.293855885800204,27.62750640560293,0.25028867945505806
529500,48.20482147973203,11.419951258058795,26.027004964399215,0.9792283496627276
530000,49.71999431548589,11.394589067535504,27.080550968795983,0.7142359442116542
530500,49.92357578579439,12.942491362598638,27.266653883246846,1.9183911404175182
531000,49.91634431970816,11.270169061071302,26.021160204960353,1.6542801312923732
531500,49.25272149494613,14.240203975541199,25.45490906368653,0.21894778227301326
532000,48.726821098753895,11.381391284378608,26.508913018891228,0.36563704228973415
532500,49.479452261593735,12.861071949188828,27.223345484503085,1.1526042784590227
533000,49.77112896206315,11.82871432140201,27.453904902258916,0.01929797115395515
533500,49.66710173074331,13.574669212872767,25.443308095955935,0.9110285996468637
534000,48.0181811985602,11.01050629845932,25.75192062059855,0.0011974458542685085
534500,48.27012473857186,11.636484913606047,27.136227051351202,0.3987891287865306
535000,48.763271473508766,11.694610113955756,27.16914697514302,1.8820932202004754
535500,49.21854240872233,10.771159294562885,25.679182715893113,0.6322956815142207
536000,48.645786665492224,10.451586767874268,27.387576063225936,1.6080076856931225
536500,48.55807046695898,13.363343069754869,25.379316136733326,0.5267836591507458
537000,48.8158769203068,10.735578952199207,25.05938707036715,1.7858993449498843
537500,49.27332759710745,11.663404538048924,27.56638664355585,0.45338647613913863
538000,49.81622426250691,13.765504794737055,27.214774653449673,1.6976253143464477
538500,48.21451757651635,10.256270900634568,26.28514092567965,0.9343369222942912
539000,48.34449813833878,11.268580472163496,26.933327954355555,0.32610578621142294
539500,48.300422629482235,10.130683763814233,25.02887027342363,0.48772555093278847
540000,49.44693056784192,10.86614711480154,26.860659138768124,1.1243789768396433
540500,49.80374314509374,13.38095498346533,25.280289897787764,0.30818190938954015
541000,48.9348880132761,13.927572013286063,27.15501905793093,1.3303536965808593
541500,48.53244435889674,11.800154725734753,27.083202241624846,0.8527039296889483
542000,49.65022094593309,13.74050051639164,25.230204521375736,1.4820420905753309
542500,49.60074080383971,10.403432341729232,25.475487687837212,1.250124361544245
543000,48.35818509416538,11.042833759477281,27.543441089408567,0.7218033522751108
543500,49.88283038814316,14.644364543652156,26.94510068538522,0.0011215881282671258
544000,49.94141819941974,11.805715716328725,25.522549223703674,0.9746775740301239
544500,48.14449691212059,12.391089625726423,27.571612489485304,0.4119171105708914
545000,48.4603006030964,13.310148243138023,26.853963274948157,0.8773499196529355
545500,48.58845886939505,13.063902592619009,25.46927714281456,1.2657160971649926
546000,48.66819229945436,14.484818517193613,25.544123513341734,0.9589173060823895
546500,48.455886374468975,10.506555084286619,25.847513468804433,1.7337657327937537
547000,49.748626588864994,13.182241916725502,27.455882671302454,1.5728351419576774
547500,49.23934445289498,10.957482823260122,25.544565143816936,0.552831256525639
548000,48.27601544309629,11.427259227519023,25.832681123100688,1.5171293729659054
548500,49.592121913051045,12.41065857857914,25.484640336579872,0.6426184181714489
549000,49.581797155327784,10.257033402263975,25.750478337548262,1.9659759314079124
549500,49.495011795811614,10.593944232136906,26.347480950571544,0.11811408730390949
550000,48.96686403649568,12.349156600575064,26.861107449973616,0.34929675808206584
550500,48.59284277119424,14.5496225595151,27.39779809800419,1.429390090147335
551000,49.78935475590647,11.827503119168743,25.504916039608517,1.785663502377611
551500,48.77602523500189,11.729114659483933,25.778933695054246,0.008314397126776951
552000,49.66333698927666,12.00272357863379,27.3276257957208,0.22887700551059154
552500,48.74009868299302,12.05328921258144,25.873411114950112,1.316075693648848
553000,49.16650860595412,14.339978545950451,26.969228466178862,0.6563334783859773
553500,49.426024586619995,14.951502702190934,26.465501860791388,0.9414153024926837
554000,48.59903863216674,10.432170217793995,25.899300725463554,1.643777259605187
554500,48.222082849954795,12.472063490615817,26.311234730895453,0.08161952628509783
555000,49.44583206888931,14.224560803033768,27.473956476322947,1.9046413829601483
555500,49.385610706566666,14.30582622257155,25.705378526530318,1.3571131955322253
556000,49.97228266532003,13.484146030020492,27.745255461418445,1.135269352645294
556500,49.655600367490436,12.77765400941098,25.828594484474838,0.3062116947921534
557000,48.83392152408061,11.054224634125733,27.607277216234618,0.0540586734432873
557500,48.01693033921073,12.89161350499436,26.290364969838475,1.9758138721499874
558000,49.684177979801596,13.273158195766705,25.883308016790227,1.1246307818447674
558500,48.48514628845748,13.274193510850802,25.885746534243815,0.5328988209389343
559000,49.92246558927563,10.661075398179122,25.98304695472186,0.6602895620681399
559500,48.906897203608835,10.1323305159841,26.180354745707273,0.29124648051544
560000,49.49763694232874,11.194405272306339,25.132818891322493,0.10468798417524727
560500,48.83947457183646,13.970218477399712,25.570340835423206,1.099923006400795
561000,48.24466613102328,11.679643972298704,26.743141842172648,1.4572561939996864
561500,48.1070940180513,11.929907216695076,26.69943690089408,1.3433335649071765
562000,49.44695225341706,10.074512492736645,26.026828620783803,0.17937785641059634
562500,48.28919046992865,11.85885546601196,27.55089508488864,0.006091958168679135
563000,49.270682377100115,14.043265512553015,27.91112002795156,1.9474646581188462
563500,48.01316476340804,14.53055507418959,26.778898324197357,1.1060185312884754
564000,48.22687885823245,11.155843328882147,26.341230867890037,0.27517352476835444
564500,49.8365408530391,11.062037759078054,27.983932545162975,1.2724352871231825
565000,48.33291533968148,11.956415704676111,26.10178639837489,0.7912703448946607
565500,48.72596057328752,13.243120660421132,26.170859193017236,1.2690583240076625
566000,49.368699672288066,11.600689555393274,25.416176151405974,0.26854927852725696
566500,48.66348883442759,12.249054643771636,26.305726272038992,1.1036852757071154
567000,49.584965742992054,11.644980308257182,26.11302295346374,0.16652801593410804
567500,49.536597933984545,14.41892872341952,26.440860281317985,1.462258610761137
568000,48.1280678215608,13.890884584507408,25.49489867325596,1.9301805739450724
568500,49.43359579139799,14.220828788566072,26.255720145167608,1.1624520197219184
569000,49.70855044094348,12.67629321453013,27.94257735928917,1.4305927204065967
569500,48.35478733974654,10.643197527939574,25.095289238240397,1.713333833503232
570000,49.57342132834918,10.427976885174711,27.276398246549846,1.1282554341159847
570500,48.01371769494893,12.848079911082895,27.797573504968543,1.3750104451751026
571000,48.46827697416464,10.670210975667562,26.013079039511894,0.9582610265785596
571500,48.467495082174196,14.572765786932793,27.937325061272354,1.6865469882257353
572000,49.13147965135811,12.787721142966385,26.813589042997336,0.2953865991092144
572500,48.81356347494491,10.241414085227753,26.36113240618287,1.7774015925678903
573000,49.05801231614365,12.152137028962237,25.82789803292676,0.9887359944231398
573500,48.26852527416019,11.886895745406754,26.09671239460373,1.4123791547215028
574000,48.38615298144023,13.183427994583646,27.601179232453305,0.6150346265175217
574500,48.090662653227575,10.271105752300056,27.179573684266305,0.04472367618734263
575000,49.21203215410463,12.121797890849884,25.701371836029065,0.6777076737650474
575500,49.93853130926062,14.394058682121386,27.6440558342309,1.0114139320195676
576000,48.03171868599888,11.874648372898047,27.753016361635385,0.5183114924574015
576500,48.046570212096235,10.138398361126931,25.763784503286644,1.111380763798391
577000,48.69689769142573,11.606934131873889,25.921818473185056,1.4781242924369393
577500,48.70312145257297,13.111566446078685,25.81019253037721,1.6293556791636987
578000,48.595273362251405,11.371926608151433,26.49986676957757,0.06990437320825604
578500,49.076211047616255,10.13790384571321,26.90593344219057,1.0685356086245927
579000,49.86654315373952,12.06706556353392,26.354324563427234,1.5541762976641915
579500,49.23296434718985,14.42008282921868,26.63200078838708,1.3565749569442302
580000,48.36092374921804,14.307493935050346,25.75002278023161,0.19647157721517772
580500,49.852704943130796,11.837290841618984,26.66741570479896,1.510194317519923
581000,49.4800702207489,11.83997686256909,25.26486490740625,0.7309768397771603
581500,49.04162482930777,10.896816403538287,26.368638585019177,1.6860855956950709
582000,48.30984755895767,14.524237465595572,25.73667907549838,0.28892040021243837
582500,49.58794902064772,14.083665665740721,25.11907937446374,0.1193284583075942
583000,49.29138245852409,11.423633806196825,25.58277351607075,1.2283961515825375
583500,49.33900668600157,11.917728722147665,26.99788286233107,1.2369533386972713
584000,49.63517706384774,12.446735687633916,26.64426319340175,0.05309771723568213
584500,48.80676874852171,11.200903859306159,26.168344220437966,1.21254987081318
585000,49.109023640489426,11.190453724397889,26.541884373757235,0.6875638732570035
585500,48.01552303362003,13.339715377829274,26.162187498319067,0.8015696250795299
586000,49.33649504016112,14.634320116454091,27.8615971911573,0.47023681297574527
586500,49.009173599676004,10.567663303868782,27.32807887333744,1.2585884282627877
587000,48.72745510491747,11.542772773819236,25.37577934368911,1.4984800379113326
587500,49.26977810607434,12.686485848275655,26.326268441265047,1.3303082761394613
588000,49.6676778476567,10.920616594610168,25.089682337760404,0.5993278959768666
588500,49.818941554807225,13.74934503240292,27.99184453172449,0.869091316610126
589000,48.49946066012129,11.485652912178637,27.737615085745986,1.2215687068172494
589500,48.0164329270528,11.879095019471709,26.30913867466078,1.876061677590551
590000,48.99649308339341,10.247660317654324,25.256919289208497,1.4975904589058617
590500,48.56928046862285,13.90528328946862,27.592746014806977,0.9198957527518616
591000,48.76283081874297,14.450566053502936,25.903092554883862,1.3375349100465637
591500,48.8446026243524,13.446437830975547,27.95063203152238,1.5561372158810063
592000,48.87100118522987,13.930227642996782,27.021048440863147,1.9737454894338697
592500,48.664825328783294,14.014205765109448,27.633768845533787,1.1794750054848224
593000,48.37124237627495,14.346074560334458,25.694605156227773,1.346886703422651
593500,49.91697018168412,14.89762776949362,25.254194415423257,1.1304577586723885
594000,49.13229630863405,11.21561005990167,25.100352757971937,0.5660380114530652
594500,49.65117360522125,14.127413383076396,25.34053329706745,1.4763165588167746
595000,49.12730621031237,13.332961136816753,26.632456670012047,1.0464247801334239
595500,49.86776092970907,14.911226848956325,25.36518350617823,1.0640242168464251
596000,49.915252788992845,14.999940453253313,26.857788293128962,0.9405253167066647
596500,48.18048671337495,14.20773955963392,27.91953166389352,0.6875098853408668
597000,49.73579596821108,13.383414777387944,25.920921530809952,1.6157813495931916
597500,49.197596761968846,13.675483803693924,26.718238014700482,1.4803730433813496
598000,48.69342602673475,11.118889476533493,25.55198012837542,0.21442438395018382
598500,48.32565039022201,10.001231805888686,25.590977230782773,1.7390806496990423
599000,49.87513180399887,11.566697577604542,26.293331792248548,1.044922288195657
599500,48.01545350248893,10.586176040092058,26.304728188578128,0.35586961809898554
600000,49.965042520657825,10.144842040547912,26.21164093287488,0.33354337024307057
600500,49.74275930569933,10.982146438409803,27.550681784215264,0.9180516287580647
601000,49.7973418804486,13.306111623165997,27.408106389757446,0.5973277467317177
601500,48.070692853142816,11.54298205487953,25.759248623776056,1.5979840189706471
602000,48.87459703133402,14.839337050383111,27.01642608391465,0.0022641081497178916
602500,49.786252356764685,11.324246013920495,27.767872081193836,0.7794613355983202
603000,48.68830511514426,14.078824126311133,27.188048910081207,0.11223754682088027
603500,49.95200862530414,10.179926498457176,27.58787256697021,0.715884102744335
604000,48.4628218499202,13.355629726418538,26.412092533730593,0.17082590463086555
604500,49.68726769107387,10.52938621250763,25.357054527731957,0.03485274417903783
605000,49.35963371280819,14.377227413136705,25.092405064918857,1.1341179523919103
605500,48.3430962742264,14.8443552721332,25.83675143011745,0.09122579247157714
606000,48.06897728350058,12.959580528784402,25.369652570475743,1.0969481509108523
606500,48.12342685026341,13.042753741505596,25.10882351915212,0.6293029208173471
607000,48.79829703710206,13.730031016171505,27.846110998710383,1.9880856744632092
607500,49.902139356487965,10.712136282061053,27.29067125795291,0.7982693921208617
608000,49.17429342820798,12.967437762425877,26.4915161713544,1.182217478733784
608500,48.55007849963622,14.30548058941189,25.603214381326776,1.2988210406259078
609000,49.72099856509556,10.862927810398464,26.572244928641034,1.6350506500371647
609500,49.110276113148764,10.865071098992908,27.32425155305161,0.2545229890707297
610000,48.502377041516,12.706808231069232,25.549080332751966,0.719640247818508
610500,49.63566450757724,11.506063488343454,25.995434922200207,0.35900955284102154
611000,49.918938655143165,11.669228326547431,25.702268697810176,0.885577708253672
611500,48.37724488128995,14.012646104150825,26.22326633336619,1.6779783850926617
612000,49.15956398202729,13.553927378185096,25.140639368824136,0.3008266980449563
612500,49.11515154101928,11.930059692533813,27.965646648996493,0.181368001705682
613000,49.78861816079939,14.52395602825724,26.986718893307337,1.8096884875961374
613500,48.663945305867585,12.758830844260554,26.18835904751623,0.7106558558230649
614000,49.8835311242319,10.4699309964538,26.72723477308606,0.4171830993636101
614500,48.30661330051217,14.25125928655385,25.359643414823807,1.2960408655865991
615000,49.02332027946273,11.491478500323874,26.25976049229967,1.9796657210945918
615500,49.26451386820491,13.630690481081622,26.56156657286522,1.6606178061770038
616000,49.50344370590712,11.876651811374613,26.616281686633137,1.3237274294588488
616500,49.84812895262892,14.655661544860187,26.184788729710554,0.8661429636166158
617000,49.66157417526986,10.047938434906184,27.459936509638716,0.5008789482628853
617500,48.3572228888566,13.42385860873651,26.309868905503492,0.631225958727863
618000,49.69155316218071,10.022862181425122,25.001891797675565,1.8228370922743427
618500,48.63784904281796,12.551306861847138,26.373638504460576,0.9792040686629491
619000,48.29297999232706,12.981003380095194,26.45451823050984,1.4488757530135243
619500,48.92316452700882,14.284487835212923,27.555641102681207,0.8636497107996375
620000,49.68815040940417,11.97272064232708,25.426921343641446,0.5606672826005417
620500,48.909025202930465,11.8576479416119,27.169719185274246,0.07908556996574001
621000,48.148073066015996,12.020875286782044,25.96798711515033,1.6197712759609897
621500,48.88239947454962,11.494221181140613,25.17664928461582,0.752158436769202
622000,49.63919608056249,11.570244201690803,27.28481659753999,1.9875248493423512
622500,48.459995387845865,12.657576819626959,26.893066671880806,1.6750807761667257
623000,48.573537036632125,14.807393289106514,26.76302712955341,1.1380793917859453
623500,49.215312139823865,13.880684838241695,26.325098933895653,1.9789999229118187
624000,49.97391460874587,11.397260005322035,26.982494379475884,1.8865623770870734
624500,48.57156106968341,13.477266808174328,25.552486715865225,1.0324046844976102
625000,49.24388594222229,10.433486910544326,25.88008097110755,0.2759822592894534
625500,49.313675757674545,10.532986680431934,27.928289636815165,0.19964360738632791
626000,49.81722033525581,10.871005469151209,27.87665743587715,1.8682997736828728
626500,49.59200168851401,14.852486316821452,26.979423978407816,0.5490439151056603
627000,48.13508196969911,14.088847226436647,27.462615873037546,1.5251094701641916
627500,49.81820519188716,13.303029623485118,27.95476772226789,1.89233720722063
628000,48.08318768474759,11.785583405375895,26.47043925808282,0.6181202913257973
628500,49.27028434038298,13.859126107240849,25.358239224582967,1.2883394955995298
629000,49.58353716775007,13.318576989386845,26.77791403178278,0.7404664462441517
629500,48.02063810743401,14.89516845781482,25.9157761495479,0.6925303750907021
630000,48.88704619619067,10.178077949834549,26.09197204615458,0.4355300400029156
630500,48.96818349298123,12.351298132906052,26.110155355004565,0.6149822254045356
631000,49.75485693215422,13.679334823742284,25.47307424148707,0.04357613778888747
631500,48.93892544790597,10.31384518030458,25.844888732054198,1.5930229610576256
632000,48.30448463031296,13.906105808594452,27.674305446254124,0.6391500104391399
632500,48.13976416955872,14.210233641840873,27.22470443832183,0.05744896560462065
633000,48.67502923692737,14.541650553716043,26.76747101206452,1.043531890758016
633500,48.681927972855725,13.859120294050523,27.00111504287127,1.1244899935344783
634000,49.92148933272969,13.362332335117891,25.862520118731727,0.11394641842867048
634500,48.68733528376996,14.533805716782037,26.300966435401428,1.9119802598104805
635000,49.90764152198353,12.63174833118068,27.485455984043625,0.6079445178340577
635500,48.291160137449936,10.573010112933382,25.54181161641169,1.3344570637196433
636000,48.55908488849852,11.848327553880731,27.3629541926601,0.22897184855303143
636500,48.563943551206,13.78030564066605,25.34927961102984,0.6883436481905798
637000,49.95988085170876,14.218480343541295,26.47716378863772,0.011209168115957402
637500,49.62475826231076,10.97496100852239,27.572149805859592,0.6320254154860838
638000,48.8357167163809,13.107054961347117,25.46236914014067,0.7302946793871306
638500,49.60185203938252,14.276395991936461,27.270231665478107,1.4837834002935988
639000,48.63491590885832,12.370932443525714,26.788996823882602,0.006012887723120253
639500,49.715632919787126,10.27311208110037,27.20920768413046,1.8361051925257197
640000,48.31866248816376,11.920755990091779,25.329450132106164,0.16303263100131415
640500,48.62414212665019,12.78153883465671,26.706988685008024,0.3055887751909909
641000,48.676272087359635,11.222148316640567,25.584449893605676,1.065546161664874
641500,49.99047462410441,10.493915222257511,26.12783903957704,0.19261560012911727
642000,49.17677342893996,14.524513778797235,26.840895863347882,0.3491984214778505
642500,49.63030613081496,12.523810367843137,27.1425141942785,0.49535394510940467
643000,49.7676681661857,10.290561079704773,25.240940321485816,1.0819908530165039
643500,48.575895196375285,10.11611582967386,25.827176824431003,1.3080818392740017
644000,48.14784903128899,12.465311926483746,26.651518658110106,1.670919693265729
644500,49.54949336821102,14.085515289847505,26.928416980378746,1.3140256084244064
645000,49.80500953983337,12.65886402616844,27.714061689599976,1.6167391848673347
645500,48.76765958747756,14.16335982841445,26.14883726843097,1.067545949962624
646000,48.542484585128925,14.906746261850316,27.336679508685457,0.3875546583704559
646500,49.32463775734384,10.665639271557273,27.461016660925097,1.842942502294626
647000,48.55195051381379,13.640362109466961,25.06031035522199,1.7659207259362777
647500,48.9073926024548,14.522525317873985,26.023047364631502,1.1017935851364389
648000,48.82372937900315,12.031414231473043,27.018945816642475,0.8893119596112793
648500,49.718974947916195,10.634250152670063,25.61099104261661,1.9003307590189724
649000,49.978826691739904,10.597760288461378,25.542089034206604,0.32199313671983254
649500,48.5672333607658,14.167066726383137,25.63244330540051,1.7925140912269442
650000,48.47806057879791,10.585771569320082,25.779259461960365,0.883561416159302
650500,49.25968830961467,14.305862249617391,25.92665679337177,1.6219943435686344
651000,48.09149919737312,12.918208935012338,25.441667460979996,1.966076444317648
651500,48.0867786396027,10.009623181716126,27.339584994249915,1.4663873877501417
652000,49.465730109435775,12.323717708872953,25.185982499359966,0.609871677326022
652500,49.93333873930729,10.755962135718736,25.926686985624848,0.9230463798197057
653000,48.20703659330945,12.95584769953166,25.107866472871535,1.791629342103976
653500,48.98816000729961,14.68089666764554,27.933910520100568,0.6919129615621731
654000,48.401515355532574,13.150540925350988,25.825523792334053,0.8933130702042158
654500,49.197646902984886,10.984980133728447,27.915646789503946,1.5364124905695062
655000,49.10448738003671,10.313853031823314,27.71344619257087,1.1608992545143018
655500,48.36442304132178,14.868138080338422,25.972048826617925,1.848681277991327
656000,49.62438444733502,12.162577317240267,27.456543841793064,1.983867230789919
656500,48.26121317315445,12.730633027087045,26.853871418969447,1.3313123579900972
657000,48.16092520225362,10.97967542812425,27.79582874123011,1.8446803545996435
657500,49.91830624716995,13.412291301577064,25.440777240275704,1.3564532162035694
658000,49.14908977901858,10.87985656209151,27.963714097150753,1.1562970335754192
658500,49.054982316299395,12.374788748566926,25.88345767648809,0.7938550332643561
659000,49.9042277134222,13.228249648876194,26.65835470818034,0.971857626630922
659500,49.409764235702795,13.154612239995227,26.516542395170006,0.009242181435595631
660000,49.75632787628636,10.003336091557912,26.559241914074235,0.13188495278989265
660500,48.15990022331565,12.821528105770833,27.80834666031012,0.7655091566815946
661000,49.622117685492704,12.503671244643648,25.2947999258415,0.16148938024704185
661500,48.21200957255505,11.952943164962559,26.073873569477445,0.953368963998843
662000,49.68704993539991,10.545678835253762,25.520017698922878,0.025133897172652908
662500,49.08895443686781,12.417717901314882,26.44292529049232,0.8507107310460169
663000,49.89970723239887,12.836961358379195,25.983441302800284,0.4851901500435418
663500,48.65095501089516,10.090879830534027,25.15757668744028,0.12422800641727316
664000,48.916154242494,10.746230070261909,27.325739353466762,0.7662509701567988
664500,48.647958386303834,10.577043322936884,25.405638133035403,0.7741385363070772
665000,49.347947762873716,11.337074988871455,25.160836659283785,0.27926431078962577
665500,48.13093990435734,11.287405271809856,25.322077616571693,1.300895448840313
666000,49.44175276014474,12.232870855149907,27.240893261362157,1.1724668401025449
666500,48.16439615880712,11.721596553369501,27.161354765179674,1.60077075350527
667000,49.23619001380878,13.770127123836936,27.742285743232447,0.6200891475706873
667500,48.26766184868573,13.866575144271769,26.01497353030586,0.44172827515766944
668000,48.71290802618044,14.790412303248889,25.95644283238977,1.2475283699695234
668500,49.16778354425081,12.100326281371764,27.69886449455275,0.5375234568825098
669000,49.372473540240236,10.05183757304479,27.091105981935346,1.6321924629025473
669500,49.05160706655094,13.891759324875448,25.584098734042968,0.5046405103555796
670000,49.13899122473958,11.393228445438492,27.976391614489565,0.2983922032617119
670500,49.715199938283,11.575168671174128,26.440101246080044,0.46796633455676306
671000,49.60690429718417,10.125346860164278,26.687350964485468,1.9697381162201395
671500,49.480407303909224,12.96290229380444,27.80211583593834,1.7285663242797817
672000,49.75302223776974,10.185159433487563,25.20316122888217,0.7996603236233129
672500,48.11419131764043,13.187072070137813,26.755227287021185,0.7954748451887323
673000,49.686463344248644,10.793574299160246,26.184796310584918,1.1612133617501461
673500,49.46982186746237,11.032127208513298,25.68768287776262,0.5969005246365515
674000,48.010508072161,14.463973428287648,27.792145626037218,1.2278138621638728
674500,48.72055816097474,13.466784260877604,25.030700184198743,0.5904836584445041
675000,49.30127958406784,10.71694926591779,25.090305872592,1.8402301748766599
675500,48.62855592906678,10.095926697019772,26.51366812044269,0.5946576091164164
676000,49.39434232490074,12.64290056297687,27.208366228296686,1.9289974698696077
676500,48.50220341097638,12.020564282134794,27.002695877852823,0.9264671159921836
677000,48.68684738452761,12.834157564114989,27.206353835832438,1.0147349059100972
677500,49.60391038272773,10.94010653470078,25.381022763335743,1.6194760500631884
678000,48.81892109444913,12.84939369888247,26.73524633394786,0.4539738296708833
678500,48.1288725629738,14.513308056299888,26.878595712329712,0.9686198799237147
679000,48.251213769016545,11.766462297601743,27.548638810186155,1.0400424061040086
679500,49.629784606149535,12.940102229070881,26.562670622908993,1.7114269218929767
680000,48.392149129438494,11.993933367806733,26.01119530540858,0.20096806613694107
680500,49.39773790137427,14.856552059470845,25.404308107878563,0.644250758288085
681000,48.69164363141261,10.423615504109705,25.63523345489057,1.5491153949913494
681500,49.268368277996245,14.728134907891295,25.239895439068924,1.273346964799189
682000,48.37179650437462,10.86055583831365,26.693202225343683,1.3890810140832899
682500,49.79599151601501,14.270460636215923,26.267775175264287,1.9971626486237346
683000,48.590313275301035,12.555813886108838,26.63084969273161,0.6599887288589728
683500,49.10625042992884,14.869452843601866,27.03416830863901,1.1115491041087768
684000,49.384552670874115,10.194543771334164,27.72603356138823,0.6766187473620251
684500,49.617242408985696,10.517008907488341,27.408523952112844,0.11425539234199222
685000,49.10614092145941,10.576332419936351,25.12524078050623,1.2421454000332235
685500,48.12269770040249,11.301479137010352,27.324358181059115,0.6443318934322468
686000,49.176830836600814,12.857554874357296,26.21587016132606,1.540187642601174
686500,48.71312940679528,10.781761657292433,27.440003623443413,1.372247777492377
687000,48.241240653558975,14.628722593697894,27.441955733791062,1.2490238281784047
687500,48.26801079053604,14.206512541670138,27.38446566240274,1.3995868405447267
688000,48.80165171603418,12.828832781473045,27.05051494113704,1.7954010627129477
688500,48.06812032011571,11.847457847588604,25.40222672999637,0.6500025242250871
689000,48.99501287868385,14.263454056857634,26.365294034006055,1.1255162347515761
689500,48.02537891702598,12.11452191924133,26.439938575454146,1.0261310541711506
690000,49.01664407536049,14.275977663640152,25.382710625048958,0.49259204165475245
690500,48.95580143369863,14.598689718875107,26.98925324241974,0.27282223119942506
691000,48.30976372987044,12.09623279495298,26.628571429362896,0.3107015550429095
691500,49.19300161734326,11.312845983401784,26.9776529025692,1.7895366885743613
692000,48.46429646498413,10.1374366302376,26.728445774546998,1.0899794399271299
692500,48.36603386315352,12.065813340299345,27.396096185886066,1.9137569230776428
693000,48.58749533260563,11.786644853512314,27.08668159277298,1.6012821547885319
693500,48.73099214444113,11.952679701033059,26.355253805138506,1.3781849445932184
694000,48.98462142978989,10.90350391301885,25.734494841056087,0.03547574989102742
694500,48.6827378946894,14.465272818479065,26.5284547306131,0.9164977257509619
695000,49.56459962890922,12.718103242175639,25.2764868731264,0.7813384465403037
695500,48.79869280474632,14.38742155292677,26.196614579094394,1.348282614877391
696000,48.71349030420234,13.663820129890215,27.07739996375004,0.967276678524958
696500,48.720329392704414,14.087277572941645,26.007858940579943,0.06723679590033704
697000,48.6460311847426,11.149964995723325,25.400372013192342,1.4266499712500094
697500,48.30971260586039,14.189985809642529,27.199390038682004,1.7467936749973514
698000,49.23804310980292,11.02151367977473,27.526161245755894,0.12010381790612334
698500,49.75532914570477,10.611326765957209,25.82936682341021,0.9568095541965798
699000,49.707455618874256,14.286902732258536,27.222545886897528,1.7918852600606618
699500,48.250684563733024,12.585585800805374,26.866207801664657,0.22444678087967018
700000,48.588125912911764,13.957719822361156,26.033206528721582,0.16310203672338708
700500,48.02381687827422,12.381736839312198,27.08737043787716,0.5142890310197563
701000,49.14684579899506,14.651020923581799,25.100331588273292,1.3397951850784242
701500,49.28360484606315,12.020452163934184,25.642353997475084,0.5317738258275624
702000,48.11780969409352,14.418784412544579,26.847368039963932,0.9144642451599199
702500,48.75983303764398,10.132316826030458,26.129138123059473,0.5850484785579311
703000,49.699293430901974,10.348730923673804,27.925475071157372,1.8852927919075826
703500,48.76248129157582,10.033884430645182,26.300356766425523,0.9602709017945692
704000,48.333904624451314,14.455327462553935,26.580339413806445,0.6323366632843421
704500,49.78794598343368,11.997574068740231,26.5986677561388,1.648305949602943
705000,48.86749518665317,13.952434995749652,26.719127256281116,0.5880656425511464
705500,49.9090447879552,14.082802336129218,25.653414036952572,1.7667217300461866
706000,49.62718482109808,12.115181245949831,25.122194902600437,0.8125960958511327
706500,49.45267106534547,12.870157932781689,25.623890442189374,0.3153678323834743
707000,48.79261363764535,11.952845916700369,27.946120140049633,0.9255063374735051
707500,48.016074417191305,10.012855252338001,26.822007990249016,0.07409204790640134
708000,49.747668970492846,11.602542212562287,27.760059737913494,1.1593847702474591
708500,49.78948442741538,11.593619857282762,25.774822579486713,0.6469128739832728
709000,49.43696320072815,10.978400635047885,27.525819178434414,0.2458667707750013
709500,48.56541926896123,11.396950534139243,27.614384823604233,1.7801126197625907
710000,48.648691301113814,11.99812114538725,27.25495491898085,0.9247812782362446
710500,49.84268557791672,11.156138889668327,26.605013255175983,0.34420838932030295
711000,48.796963156598615,14.132400332946812,27.783898476651657,0.7366958561726997
711500,49.168826555170206,10.784031495294231,27.186344395151682,1.7290929107975153
712000,48.66046678806035,11.135134461736007,25.509118058575112,0.19057894595370417
712500,48.01523894398755,12.565328089403675,26.959464602571387,1.9653529822746996
713000,48.634498467699785,13.942224542397588,25.198861312256323,0.8047060353537809
713500,48.29905697120283,14.137644426422607,25.215939965026372,1.8455834812843586
714000,48.97584161534094,13.037970709363655,27.634085189055245,0.4118762760966084
714500,49.98967694770992,14.536087604996466,25.914959196706914,1.4889989129557333
715000,49.47023168549549,13.474668666889615,26.5420279105987,0.007863807901333342
715500,48.785419313057375,11.8050116315647,27.897643617771877,1.9664617335512642
716000,49.34940248336314,12.00359740974164,26.790648218544188,1.1658083008425166
716500,49.96320596773754,11.653451559238482,25.055634618780157,0.00905807432623651
717000,48.93468643467175,13.48829313773136,27.006357227538878,1.8932924302740974
717500,48.88085294987465,10.739774020962933,25.936355628150007,0.3818694007584347
718000,49.714304423268445,10.597885717080894,25.083056841362858,0.6622138743172781
718500,48.97058926117105,10.844565081312092,25.19774077441744,1.9792804184663575
719000,49.20499557322009,14.571840669948358,27.45872007576135,0.8856330612033165
719500,48.54282296093392,13.792829046174187,25.30717573708807,1.9443979569673653
720000,48.308459074417144,11.247379719410848,27.674895878283227,0.004114593477033468
720500,48.76761628151255,14.427351299878012,26.388043509723907,1.5102635226665326
721000,49.75518829003488,12.933198855017793,27.877470080359434,1.9500030523515757
721500,49.11668670110133,14.39251685103043,27.059654983407437,1.1666488297663768
722000,49.81072400102208,11.438461671173371,26.97171331309295,1.1914700208178357
722500,48.467313275731534,11.648345733913729,25.679694772292954,0.4043000616555805
723000,48.69405841372406,12.295422994901974,25.396721261380026,1.2306808921086205
723500,48.679237736754274,11.848100008188338,25.80312234742492,1.9832359343778327
724000,49.44730857887127,14.22132256590933,26.296847723134935,1.0383942596451339
724500,48.691235200380596,12.251540663307406,26.53492510195012,1.7031016724752588
725000,48.70623676513746,10.360269834807223,25.71096651172819,1.118257196599959
725500,48.82090822776552,12.614996216884242,26.882002102780067,1.2887228741873895
726000,48.70309307589612,13.873073150103945,25.896024761407258,1.4617984752572146
726500,49.24758129820378,14.67773403706252,25.271631385970583,1.755101227162556
727000,48.918669002097616,12.220465840960964,26.673932150392748,1.291519725897035
727500,49.969194401038514,14.443250721864903,26.64628860034826,1.828027612507226
728000,48.45977760661293,12.017847605398245,25.6130394030126,0.11332401400828296
728500,48.32331644965923,14.540050990333793,25.189310962167955,0.31435842850005824
729000,49.14470353672542,10.072929684403316,25.78815954527582,1.9224228178343281
729500,49.572983820584575,11.466643162179142,26.46926224109948,1.709630232894182
730000,49.90877274790908,11.36261292538596,26.878764124503196,1.9687733888514185
730500,48.73529240369722,14.286384568103731,27.938895165402318,1.2067324479921608
731000,48.889941285928266,13.547277088397223,25.123765638523363,0.9735938939831406
731500,49.007179372874766,10.56462412840685,27.186744982283155,0.9146458687092547
732000,49.75400852556938,11.874133244650885,25.56787785004528,0.2670372255949178
732500,48.39849226899305,11.570691926237851,25.937765789360594,1.9408509656909165
733000,48.97415856840736,14.000443878216561,27.616194642187182,0.7591367836806711
733500,48.03158798329898,13.681644367521415,27.25781290624182,0.17218480457348373
734000,49.55209761363706,14.000300691510844,25.817626110853542,0.261020578897708
734500,49.28745978382694,11.6113512484843,25.07520518470304,0.7280285450198685
735000,48.24552648172908,13.08413175063366,27.3389178287346,0.7465720232053938
735500,48.718225427296616,14.20753374865009,25.3403303272107,0.6657961899144262
736000,48.03711561621952,11.88883608433479,25.448063466166435,0.6033322919997761
736500,49.31862840569839,10.09633228172341,26.78916258999548,0.9801890563281406
737000,48.40511487983199,14.101792186173949,27.590624536551488,0.2748756820698641
737500,48.45018668677768,13.073595418269106,25.162300346086532,1.7156668408899145
738000,49.70000285147274,12.482697009221718,27.561209375097043,1.381817837523938
738500,48.02639495187347,10.955191822686738,26.53634918566849,1.5759411996906134
739000,49.564075440247656,11.410080421770157,25.063053555847677,0.7110674589320822
739500,49.74588944694863,10.351959090384394,27.226437487414135,0.13300675060049993
740000,49.0035184981056,13.505594741802994,27.404526350265577,0.949085719100351
740500,48.00976952367168,11.63714315861806,26.3634191101267,0.5233610621341105
741000,48.408146523607826,12.133908697970766,25.647049104259683,1.8112634994387233
741500,48.81439595521506,12.314027938450536,26.904198432655576,1.9118123358988777
742000,49.4544834614466,11.059505972864947,26.30433531576076,1.9041465919352187
742500,49.40983895084019,12.70230673136722,27.276296014055394,1.2877104102746075
743000,49.64279277259616,14.943361362757345,26.318904176121677,1.9716232882789029
743500,48.64076588653496,10.229166811678484,27.04735873877988,0.5668506450032655
744000,48.89406868078813,10.203495386403278,26.927068422200218,1.1718314251810378
744500,48.9275306824926,13.726994129769466,26.030702337094926,0.6246828202404788
745000,48.07765618062515,13.79720161807738,26.799380774732406,0.10169085011383339
745500,48.42561625136534,12.10464691007054,25.89875354762538,1.153365303598545
746000,49.4218762041653,10.474658922998668,25.456508589059364,1.3111483095355605
746500,48.603922105809815,10.973542000807528,26.080652759364494,0.059003929033090374
747000,48.220249680694515,11.078500853247771,26.36320640056495,0.08184201370204192
747500,48.07101798819521,14.912295923184193,25.73596982892517,0.5520020759707303
748000,49.80774031892299,14.065620838331466,27.741944624174373,0.23058537050964278
748500,49.0114380353966,12.738934180861191,25.382508461238444,1.5761297690953138
749000,49.67138630473571,14.347637492058569,25.23229971990097,1.5963661437020842
749500,48.31307412771618,10.171716707841487,26.77017881326007,1.3914804885602527
750000,49.80093285971684,14.85329549716526,25.880682349957144,1.3209522015513142
750500,49.30007870600682,14.14334963096599,25.930587496336802,0.2519432860014046
751000,48.337422549609414,11.857932659329034,25.422185890497012,1.090451941553757
751500,48.27905324453897,11.067859900575282,26.049622881025925,0.04667792726932829
752000,49.70949671818011,14.00820561813147,27.450934210984354,1.097003832894911
752500,49.60891468220946,13.14963066165874,27.99950560640294,1.5957235274522883
753000,49.737917990725165,10.83468707203856,25.96287822195027,0.10712491453325801
753500,48.20479712165053,13.774438905578862,26.617057081143628,0.4272364360040153
754000,49.309063768129256,10.34711078149345,27.739759340186193,0.10740756028340437
754500,49.61962229285799,13.651144480418376,26.66657947870393,0.2409863864232027
755000,48.94314625137639,10.505176855417933,26.802771319677348,0.36225931191286076
755500,48.07298867139395,12.88158361087464,26.94860071128563,1.0829728065324544
756000,48.90132357871269,11.001478840370355,25.417141934162323,0.25507979138802184
756500,49.158915378983686,10.455022675578357,27.83198980618969,1.1378053345478345
757000,49.89069642353233,14.28144982311467,26.27251944732265,0.838497129213597
757500,49.80240790871708,13.116736579098632,26.572419999680918,0.10515596417993778
758000,49.19761836567552,11.069032390688417,27.103192726931518,0.6398925372751898
758500,49.08814626580739,14.828899267312021,27.976457538363483,0.4165320988395973
759000,49.860242149906824,12.686567706428079,25.19851224410554,0.8283085706488988
759500,48.82169676151091,10.653758216687761,27.754686106835877,1.4498959667968767
760000,49.41574460611123,13.123449920263015,27.431836925466587,0.3197077443033145
760500,49.59411347220108,11.063170800468386,27.91341078696565,1.535234461020656
761000,49.409706360928126,13.643831893235458,25.443917811386058,0.1875277826957258
761500,48.18884331592802,12.103437310546964,27.415429618463158,1.258476738564809
762000,48.90649236334503,11.884614538182259,26.102454280827764,1.6431066805823882
762500,48.22265574611515,10.200020211284007,25.52940734583162,1.2442879009336272
763000,48.21244899587871,10.415284126801,27.9419323058926,1.577115811024938
763500,48.092060178240295,11.320654651963746,25.065575112316274,0.7112489017181365
764000,49.334815514259056,11.037321917081268,26.404224362337207,0.2717734277485515
764500,48.81440252401431,14.032446255785047,27.15024902840181,0.23233589969433566
765000,48.20744214542769,12.304191598373617,26.54167971337803,0.6876398757592539
765500,48.044785535889304,11.201114215701613,27.825563712768382,1.0336838440779492
766000,49.126456146934494,14.562654439449574,26.052684113908025,0.6065874080354141
766500,48.928635968400236,13.511064911529232,25.251438789664824,1.9280663286128108
767000,49.824641214202856,14.486192991028796,26.63439137762598,1.1440329520596952
767500,49.7659014868181,10.79246644288376,25.7399674510747,0.00537683724511151
768000,48.04849748125755,13.059003171100787,26.847904692088555,0.3080127595534572
768500,48.36968321354773,12.504835772293312,27.918487073476864,1.772815372676875
769000,49.008675870529686,10.614241213964227,26.650410439909486,0.5620245526920085
769500,49.86188854094561,10.720757798090114,25.44022021323631,0.6380093850806088
770000,49.57890630599795,14.215526912763618,25.72715120541691,0.30322141860455276
770500,49.79096977805876,11.925306879895356,25.724941275703433,1.1522593015793154
771000,48.07664564088881,10.517491454341364,27.336612045066047,1.8833885602953497
771500,48.25349659822968,14.473271891113948,26.932246344530206,0.4990385752566817
772000,48.78991421920416,13.4399919614304,25.821637001571258,1.3370619687226108
772500,48.21140046192854,10.23402597124023,26.070228682349686,1.9663769408179141
773000,48.2408689864984,10.031875509265737,27.731150017796132,1.8344407103784013
773500,48.73587121683825,11.83046706470318,25.540243808503067,1.94203961939449
774000,49.6731918619668,14.446736152729045,26.945281230569094,1.45020771022006
774500,49.53628873677409,12.062033522754493,25.787500117932787,1.3123151188253224
775000,48.21725959409261,13.416375677920401,26.388396774463562,0.1755833168683234
775500,49.75410414704015,11.769703791269832,27.129299543354584,0.422866784998726
776000,49.01265414711978,11.332395759142619,26.053524354907463,1.7726011268894757
776500,48.441569321593036,11.691662847753195,25.42677746682543,0.9515767202049603
777000,48.283071841743975,10.96231107400865,26.20705358287673,1.3802225356276125
777500,48.71143487461458,12.564166821679162,26.005595047383242,1.9498515567477765
778000,49.34881351697787,11.471816523074569,27.43856437864672,1.1783743031285403
778500,49.846249082386706,14.538852330159552,27.34069005152226,1.6998543648888726
779000,49.788464183483235,12.812714695739501,26.697432359977746,1.6114668386240178
779500,49.528557742234,12.692551979881143,27.474862312847165,0.8385568128363894
780000,48.33668851336871,13.822098566616596,26.501806524429096,0.181154329934617
780500,48.57523025590885,12.685640488071503,27.804631895555104,1.9550591976529597
781000,49.50388144589351,11.803711840600524,27.19197779404842,0.69946634352969
781500,48.38535572043015,13.450876406893995,26.703857206643445,0.6789363540500202
782000,49.7009489238929,12.898944100820543,26.504383374294935,1.3791398151857759
782500,49.29687152422579,12.713970731941425,27.62834124909309,0.9003939870612272
783000,48.58834907342648,14.765504820984667,25.59475178985515,0.6604274713550078
783500,49.783643367102364,14.295772344654086,27.34625731716313,0.4962988311962204
784000,48.28529355412021,11.739337154779701,26.56910120382304,0.9603339787719551
784500,49.6314653195272,12.543242860428837,26.748127858787523,0.6990578904518017
785000,48.871277032794744,14.332534807756193,26.866202417878945,0.09711129824682807
785500,48.05922203052103,10.90609137224322,25.120667269086873,0.06770805689638104
786000,49.688911301374326,12.685483052866811,27.35069963956775,1.7142097004830403
786500,48.90395113353402,13.226416494502221,26.217417011136114,0.032720989445732984
787000,48.59278640915443,11.652802956766173,25.123345524968396,1.0468363425736253
787500,48.01619827478257,10.683353455083017,26.042663381091756,1.4935239151846385
788000,49.61238898013359,12.791074955115949,26.349988771205396,1.6988551957827216
788500,48.864578338746924,11.108622857949394,25.973607190167677,0.12099919157805372
789000,48.82664293683514,14.520458091911369,25.153202240846788,0.6540622057817571
789500,49.620924548093214,13.936489100764064,25.767469863703177,1.755066015145525
790000,49.52764897015945,10.973562595537818,27.51003771142651,0.514592802350069
790500,49.627064746784,10.668134873425224,25.024199583193393,0.5657368677776409
791000,49.95771665709156,11.777679243064917,27.199079192537486,0.11586163795081705
791500,49.91664531141415,13.26998692263384,27.84484838085967,0.5719647673867163
792000,49.240523234930635,13.231697969003338,25.784229090431868,0.5344990826823812
792500,48.91121995459715,12.438812089775027,27.619076909972506,1.546341752916134
793000,49.32435546774856,12.074937672029993,27.85720605459995,1.957082841014169
793500,48.64639859667845,11.407860840395013,25.789136416272353,0.22403242432827453
794000,49.539242325941345,13.943778884868385,26.498175247461592,1.9102125789005229
794500,49.832601891859326,14.551556966144778,25.971229070988347,0.36242022135929663
795000,48.39751732554219,10.084222350553194,25.773344683452635,1.2768380407846496
795500,49.47211050783615,14.858146696384075,26.722505272618477,0.9430828271098015
796000,49.02023395647177,14.392135601976417,27.440379153405743,1.2449242319263747
796500,49.045382491148985,12.569603272960336,26.384080090004755,1.4066923274875964
797000,49.18630134853746,11.572663544807618,27.272181162690966,0.7813768288100154
797500,49.4124215262434,14.136081314866892,26.992988515348927,0.6920211624859143
798000,48.19647712379701,11.655852061413725,26.060444626413503,1.0576070639289978
798500,48.98914343189973,14.953693287051092,27.154127552534288,1.018410869101936
799000,49.08598076292104,12.896430723217064,26.030254465509127,0.4195122626430601
799500,48.579812083342844,13.637739820407202,27.4123710063395,1.8852533165640155
800000,48.16295662868022,10.312141396593704,26.61414143063648,1.5908361206784039
800500,48.850094544411185,11.422866190271712,25.832173724308436,0.4090490895374881
801000,48.88075042990589,11.022384197236079,25.35113239810548,1.380984449213646
801500,48.806529527204226,11.46828710639275,27.98898642945668,1.09897189637195
802000,48.661056187349025,13.942677884268964,25.224769672050208,0.4873134834468842
802500,48.73743457647913,13.17586680816442,27.061574932769712,0.16283609871841032
803000,49.28076528657926,11.171194226025442,27.962013623823253,1.185856894587978
803500,48.158854670820865,12.0291222441478,25.144882738483805,1.2759351217282082
804000,49.82365034481519,13.864132485055283,27.422436314702196,0.3492510689734316
804500,48.47829045937738,12.486332519259843,27.810637359000797,0.15280425835515565
805000,49.86704904289053,13.252620663919092,26.185971680912854,1.600121512470258
805500,48.17531056210226,12.3152544743606,27.101287541504135,1.8566422838622123
806000,49.49699584430956,12.210105780811658,26.097609129421627,0.8595028543124046
806500,48.61194217206255,10.2206223581452,27.692759619340343,0.3238141014637177
807000,48.05000745334731,10.677049240973597,25.238331862639797,1.4094020152519184
807500,49.23783802350754,14.367813810057466,25.539073742667785,1.193773129416626
808000,48.25625690910532,13.406371079225913,26.87240936806756,0.9940503375747609
808500,49.95848701534176,10.166045789656277,27.04432405023566,1.8421011690342974
809000,48.54253011158704,13.120083370895564,26.051756565614028,0.1707517689615825
809500,48.944143881765534,10.516030476510444,25.992678479331556,0.8356006482281892
810000,48.629015305056676,10.81848691193277,27.639100764469042,1.5135505286761077
810500,48.851983920259755,12.337004632183543,27.94403441470372,0.038875706869829996
811000,48.8338300662495,12.000945607930975,26.087581865525852,1.092190907746639
811500,48.80071291113434,10.023876929843105,26.71121750762049,1.1974041559521411
812000,48.006457680048754,12.109665005414458,27.174181044115333,0.992811123434834
812500,48.67200121360159,13.59865048790089,25.011102533034702,0.44563424747465463
813000,49.30956000156891,14.629556584937603,26.353123388080675,0.1795827652398494
813500,49.2362863543067,11.814812140296985,26.88437499399019,0.21047470610750785
814000,49.33385728923122,12.236024509741949,26.131631751090335,0.7002473578810353
814500,48.61823343779709,12.108372918983953,25.04132288229213,0.5962860920963873
815000,48.79520705353682,12.011927392586475,25.75827595940347,1.3232184787388557
815500,48.93755845005844,10.566735631134415,26.348833591831102,0.31115348060209524
816000,48.68409908135232,14.752678479834696,26.476262396084444,0.8045816201047205
816500,48.44971873462229,13.633720154332115,25.955290134236236,0.09543011311410754
817000,48.42319279378877,12.476166656115218,26.245473790917618,1.9231996263087479
817500,49.138334509357875,12.211522747455774,26.341641512161555,0.3127108023060745
818000,48.04934728087909,13.231119481001725,27.713971114703643,1.3938891744024287
818500,48.39791534255633,11.621345302257295,27.920007084618703,1.614704702519628
819000,48.41130558592633,12.807248186074888,26.190128994960755,0.4000546569055081
