85000,49.27714008044042,12.090627233628926,25.907611436678295,0.5550976707170894
85500,48.842017116758,13.03918309130717,26.983278399397044,1.78193589177747
86000,49.26979530170862,12.049781120661134,25.685331560679128,0.4874168456669057
86500,49.59011584508751,14.939514392506258,26.118877913920205,1.1963906835242784
87000,49.74486512830711,12.323831409096085,27.964879273453867,1.5853047976894976
87500,48.6679736631337,11.65934206322815,26.259407430028574,0.5362859919273995
88000,48.1985621951788,10.195453453379976,25.647331884602934,1.1789020708335367
88500,49.89843200222725,12.42509549952944,25.17041558079334,1.2934670068228482
89000,49.43984255771474,12.128779104382865,26.2835141623448,0.4613760062157011
89500,49.47151392444038,10.020183043703016,27.13865830075851,1.6957408026552843
90000,48.97752384632314,10.809450438711101,26.60990936028907,0.5787701402071364
90500,49.28793759778832,13.829379304003648,27.402669076526593,0.15930345417065994
91000,49.401066174999336,13.226930366559,27.88655109738209,0.17674333412289367
91500,49.49500869055007,10.929877067198726,25.06209263235503,1.174038347404527
92000,48.06304366224039,10.29960025555734,26.055306684168006,1.539379015859943
92500,48.01787972153376,12.783962318901532,27.077780809560053,1.79416796042448
93000,48.8883960615553,13.060761910170136,27.216060511910108,1.94215055667478
93500,48.24535491726319,14.595823920588312,27.510178255993118,0.0029645535285944824
94000,49.378680040304886,13.58570784977535,25.601940347861717,0.21667352266635787
94500,48.004814811907515,11.57721728916303,25.57866527312667,1.3539533139542428
95000,48.96240856714373,14.597502566131755,26.455421658790556,1.4571505019772892
95500,48.95779555903844,11.7169143723802,27.81042710320083,0.22487846481741203
96000,48.56889882366275,10.106032204806768,25.312009337087268,0.9291320826158729
96500,49.76752503051453,11.949710653289628,25.17938455004081,1.0806028608224063
97000,48.81109405201493,10.937186860121166,25.6224393209666,0.687238526595626
97500,49.563316936543,11.674837155371794,26.246357786712885,1.287850047706115
98000,48.66048476740185,12.949279446685535,25.006633196636656,1.9410070030810007
98500,48.951960109251175,13.517931896437377,26.901231802970056,1.2595435894164115
99000,49.23230519382452,14.953390225264231,26.707915882039476,0.6202242702833318
99500,48.26609072339078,14.60041569145666,26.680115083496855,1.0743000333555779
100000,49.09055094121229,14.96744177100333,26.167267711387726,1.4326014915174055
100500,49.416495995973385,12.85051700843322,25.53461469496249,1.0998559451139676
101000,48.77078362836724,11.817036296201147,25.10612757692718,1.2680594830664174
101500,48.53988955598469,10.404886813891187,25.22664818581826,1.954361436675217
102000,48.81426640637493,12.434624058450632,26.81727977779824,1.5396988714370266
102500,49.45633900187097,11.361003519279043,25.538841064420694,0.9431681790604733
103000,48.094843536281196,11.024482281538459,27.23395628709656,0.7770495206478287
103500,48.51601079602795,12.017762142766866,26.637819653150757,1.9171865227823628
104000,48.2992446720881,13.689093239373776,26.125037901113974,0.0761849480968364
104500,49.57742332471916,11.916960249677839,27.821411498433086,0.8047025109677175
105000,48.83246347784937,13.073878361601746,27.88452303660043,0.15588771616142072
105500,49.74966532222036,12.632335329641473,27.428577751932906,0.6834814832833791
106000,48.777277457840015,14.050099503846791,25.987208832214026,0.7750697064535563
106500,48.610528737787696,10.100827381472877,26.466887668885814,1.73255149065957
107000,49.893478180713075,11.17688654677343,27.17765991735546,0.5035666878339733
107500,49.71507659198864,10.764515389439891,27.388816195745783,1.484248475198789
108000,48.53667004611502,10.004185400892965,26.690351664167746,0.11552277091566632
108500,49.35095086272481,13.98440620324174,25.74416829564443,0.6971027056938877
109000,48.29741292103575,12.512887077774312,25.523500516194343,0.8871395180736756
109500,48.721458633945474,13.963170309819628,27.737601457854684,1.0637699769296909
110000,48.30587262152548,10.51378268963093,25.169208836411997,0.1955745343245887
110500,48.27512430729249,11.442895930678185,26.51584002499189,0.9751979600750016
111000,49.326402139947014,13.925807757276175,27.057069352792013,1.6631380789058794
111500,48.149251659004165,14.008619667282959,27.2672877749938,0.7840717808289723
112000,49.737539722480115,11.32335121159608,26.644188429115914,1.6902320606944303
112500,48.969758937953976,13.554553182975152,26.668571214758188,1.8799244866132159
113000,48.15441498555068,12.67874545820644,26.59791782136529,1.4603216010947329
113500,48.07628301903814,12.937455178605804,27.539636115170847,0.3293863283308993
114000,49.12213320715853,11.059362778217633,25.57962091021778,0.6526795222899819
114500,49.92892165167922,12.308655923987926,26.913165022956232,1.6288268613014487
115000,48.380031184692854,10.806244407643709,26.723089531410924,1.5300882995047644
115500,49.24830249193497,13.254726696518803,27.472532406700445,0.01453413906854295
116000,49.18391195894795,11.652230022059648,27.48465112095503,0.6696743566196801
116500,49.31962760410432,14.908884745706198,26.257952173556053,1.7639421092073275
117000,49.79545241712642,12.513178065720577,25.54131852178745,0.8336917796834213
117500,48.563637444349716,10.010085486868123,25.986961047069684,1.7421985973932141
118000,48.441966064137894,11.27572751032494,26.99363511595292,0.5353314129583888
118500,49.08480637302697,14.030306487029254,26.879946670855816,0.5334818758968085
119000,49.48964454993656,12.80104447863435,27.03973863990354,1.4078716238225177
119500,48.001694462043574,12.754948846952505,26.130664799256003,1.9962754426072564
120000,48.4414553633241,10.253708391676529,27.8238778475446,0.5773393417615973
120500,49.858229518415925,13.830668957134074,25.165981944403946,0.5512119648294385
121000,48.423341294983565,13.948898079987131,25.74277905116905,0.9275158680541595
121500,48.708142949334096,12.043359168350674,27.8958440196935,1.4514682649601638
122000,48.231684949261016,12.953808184751239,26.161262897962004,1.3181889919728171
122500,48.389533714167904,11.680762875972974,27.936401467657955,1.4549997063642652
123000,48.56087142176541,13.363968230393708,26.663879179467298,0.9443624849919405
123500,48.20281991348609,14.108866428494315,26.152491806926147,1.838288869048456
124000,48.44242630455605,10.592569481003613,26.09105163243988,1.8638402650794763
124500,48.16097680800098,12.021997055028425,25.18312853119033,1.4175367032579953
125000,49.06764973326382,11.113416570123547,27.590125354962005,0.23816775761891162
125500,49.51025147075903,12.871950430838048,25.269716240354395,1.9541326744309655
126000,49.33730124598309,11.212241768747463,27.10063963544681,1.3162448752364766
126500,48.95417845497911,13.769138404565567,25.3105581854629,1.8064318273814568
127000,49.343784983480425,14.359643168776097,25.261288784657275,0.30865500773919985
127500,49.89684667465925,11.071020087915606,27.987027489077427,0.2846498306518668
128000,49.85984522878654,10.081426147561631,26.253683627871276,0.3486633919576454
128500,48.46006522174866,13.218129422481635,27.453736058347907,0.8761179498491749
129000,48.95342189681186,14.016148436375456,25.761063563653256,0.7961675903981904
129500,49.75449553896148,10.515811945552763,26.0264483728803,0.8822606178657451
130000,49.36205874929042,11.050627345657457,25.49536670256943,0.3285165331449298
130500,48.12973891644464,14.971490279566677,25.91396438133621,1.8744223980275063
131000,48.86197415226029,13.632867316635195,27.317745829332647,1.3892521393296065
131500,48.427111062614905,10.958930336997346,26.749102320915725,0.8520962682394351
132000,48.0062940186382,11.253868439657369,25.064799048212862,0.7553017484920346
132500,48.66383244660678,13.241764799123397,26.62202423171308,0.6589621266287551
133000,48.56405138638217,12.35503841361329,25.37515559136064,1.733789329869762
133500,49.33136047864377,11.323841834879698,27.95971682654824,0.43532980320516
134000,49.380399905221026,10.872335291984673,27.621917342274813,1.071902627245724
134500,49.450800088718466,12.197956080127186,27.265783202440346,1.2291145739227196
135000,48.17676572132878,12.591097806189874,26.007269185026264,1.4525788805343949
135500,49.17932102390281,13.692334833716133,25.238739221767453,1.240501694017147
136000,49.49644633800868,12.005220139688731,25.618036721287453,1.4417683879003285
136500,49.951470511127546,14.749040514478201,27.981075390084374,0.939595093021725
137000,48.54249217426652,11.440813637330553,27.928839191809537,0.1855363022459764
137500,49.03047832890403,13.078936288107915,27.211105693492755,1.9037916237905053
138000,48.239186031513064,13.734879273308891,27.30555298146824,1.677898568337712
138500,49.28794808801912,14.754663083096524,25.003269199175072,0.7572101539517742
139000,48.433337247995404,14.386992248188292,25.49362051201879,1.6044728829196222
139500,48.540151887778975,10.932229077129538,25.74188053679139,0.27577905703576344
140000,49.30720196650505,13.83363338388528,26.82014702674397,0.0015612534862718963
140500,49.39844490904348,14.901717849160363,25.17721722495059,0.3858346385383147
141000,48.8721757180111,14.941224958319697,26.878165078033952,0.09150909506575888
141500,48.272840913526416,13.33393759358642,25.34349176250397,0.37748420953033546
142000,49.73707864120712,13.275584846856432,25.25895420456379,1.0381348629472953
142500,48.217901367276404,14.810874986559398,25.515702518224874,1.5731244264639097
143000,48.02263370931898,11.455099088052398,26.82242828407257,0.7033916814657211
143500,49.306899042938085,11.205275965848191,26.14211749406305,1.8494319175157143
144000,48.24114229868347,10.771303066049386,25.909881634664522,1.0282592561743498
144500,49.73921551116334,10.559250145370079,27.457762149430422,1.78007750097238
145000,49.08707301917162,14.900490453757309,26.005781224090768,0.04848257545722534
145500,48.89809446663618,11.655546064266277,25.886945519964858,0.1872620662478488
146000,48.802153335554465,14.832638542166425,25.720828535386467,1.7750630768487143
146500,49.85694066900998,10.24473503859717,27.552896579171172,1.6251306583691358
147000,49.66437061487601,13.977465798280281,27.6658854454122,1.503544547290956
147500,49.69138605110098,12.059739787597735,27.6821232759435,1.1925220420193887
148000,49.67774837767828,12.378975958963391,26.827960922771997,0.659366300648579
148500,48.40369651259901,12.102946550679555,27.752773177175122,0.8582868395045236
149000,48.3513226932617,11.93051644239324,27.295548398698912,0.943943941877823
149500,48.03323358894836,11.970322640483367,27.276934970536356,1.7075911725369994
150000,49.858782049766035,12.827891537046767,27.753291699814348,1.698658380041481
150500,49.95412644976465,13.264211481893316,26.125105227820956,0.512071496490716
151000,49.96285860719131,13.111081374531803,27.53891923578802,1.2852337094253081
151500,49.10130135185429,10.127472896893009,27.73253669314427,0.3142141770354201
152000,48.75174044793447,14.818077779298825,26.115948005124082,0.7392814077514194
152500,48.5739646452148,10.037836680124855,27.667664886316096,0.874900949854599
153000,48.26588360261035,11.86424410203136,26.01987212870985,0.29961757192241234
153500,49.07463417113804,10.16790228384592,26.43612908702462,0.9175853798197477
154000,48.452203877633174,14.240598310308096,27.372067390162105,1.92359945671451
154500,48.651033314579934,11.740900906043288,26.702208378181652,1.2775498441396553
155000,48.60297691885065,13.545737021205932,25.26968357663927,0.8300513706297199
155500,49.64560767676843,12.194669111810338,27.191039357384156,1.2822912768767778
156000,49.30216223738905,10.092224421549297,25.602051699711495,1.727992991880638
156500,49.59811277200497,10.810809280743152,26.011458766542887,0.8160288555056179
157000,49.001413119814245,11.828266513043074,25.730622609978468,0.6076276730938448
157500,49.86943729453025,11.639414011272352,27.28766554532424,0.3576337667192504
158000,49.77552304301594,11.5929693601609,27.06817913434819,0.10823104918286552
158500,48.617673569435155,13.382516563588343,27.843114757073728,0.12229354687189198
159000,49.51119955744814,12.27093704711128,27.043352999906723,1.5589356697865273
159500,49.112917055930886,13.565989743290011,26.954386097587065,0.4288392427486012
160000,48.513799875254065,13.121311939487862,27.701433737607502,0.26176055594786884
160500,49.49888691965483,13.698702790358722,25.58277685648581,1.5083733331100806
161000,48.05754563634879,10.840460095962738,27.334311098873915,0.6536027785075276
161500,49.60522963532758,14.308373694483782,27.51986555230821,1.8215625013437275
162000,49.87168648265948,13.314438670087316,27.484876956092535,0.6980462417718514
162500,49.01436934497354,11.409405748989897,27.868844713818746,1.5305045833822268
163000,48.55319720864243,13.943531089112895,27.626408493923336,1.4248982962068295
163500,49.044597422447055,14.154745506560129,27.35279104735976,1.1609476887586627
164000,48.12433337755309,14.338647539581949,26.676870717015994,0.26573787929310555
164500,49.73672450203546,13.727450431928322,25.470253569127077,0.1587232376110823
165000,48.3061408693607,14.484216679570347,25.987784834968018,1.932906693505615
165500,48.9328153477647,14.502534989954441,27.61190878462133,1.7988061591568012
166000,49.64666769267605,12.331977753219341,25.715107534987343,0.20676453419978147
166500,49.01876309375208,11.166232375574955,26.532635413709205,0.4533067974091063
167000,49.30624019310065,12.837493424225476,25.752743171025354,1.6852831903788725
167500,49.82678606569923,14.676841578901257,26.957302915369844,0.19563086469102164
168000,48.84222904124592,13.074154943668866,25.96372579679429,0.06177920912704127
168500,48.23353033965426,11.95451341371423,27.727896177946057,0.978650318057819
169000,48.46056918337823,14.137944890112504,27.168859355480123,0.8055274615329746
169500,48.59643229788535,12.842364110842743,27.778567620725966,0.0726252699610892
170000,49.80264538355497,11.904418372759629,27.774874480391066,1.6687501304050631
170500,49.37579196438538,11.620020405688598,27.88461139724928,0.7598606996104635
171000,48.54645146613028,13.686917602303613,26.874830270362587,1.0435480239522494
171500,48.95699821964117,13.064942612712017,27.885481857680677,0.5990982414003536
172000,49.73530375665808,12.342804240785512,25.64207778753069,0.2014301651567445
172500,48.79184514126364,12.462507098848967,26.01078306472847,1.3142899278855833
173000,49.201834498753115,11.454095162043652,26.71956679378992,1.7503551449983603
173500,49.793220236922934,13.512986013245467,26.045907399267726,0.9080120610472517
174000,48.152439934671584,11.37338183799823,27.153195101444894,1.656547343262757
174500,49.007041860554445,11.804347774835412,27.95829384164127,0.5640043989988592
175000,49.069685964352296,11.273399646116493,27.771637849540355,0.12251559097489562
175500,48.13821601932105,13.172001646521961,26.386141218575766,0.7160204793558158
176000,49.95286144808657,14.559211822942903,27.58330338016526,1.9038242759962554
176500,49.56474778861073,11.442232324658875,25.061633414858775,1.9281801528831375
177000,48.15164223721216,10.684528019373602,26.55134130830651,1.1903615586351233
177500,48.417518830080674,11.47285950630967,26.43769264879606,1.9383267852135624
178000,49.41348930398925,13.7916934053738,25.539290432997692,1.3052206739941978
178500,48.09821183406127,12.916426350319902,27.493551838722016,1.6283365655368087
179000,49.50136244453074,14.135830109012986,25.433657484490702,1.079023239076704
179500,49.68390779280913,14.51579831029591,25.047348866914437,1.4062355208518014
180000,48.67163337585944,10.823375042183741,26.937813706529397,1.573295896951301
180500,48.158809024130996,12.295787296807589,25.60350679976973,0.9631341078320539
181000,49.72029974118774,10.048667445877882,25.9591191628807,0.9041431249333449
181500,49.82001613499658,10.8530036653149,25.56176075624653,0.2534053662536859
182000,48.875527650306665,12.305158652256637,25.051388982395885,1.6285595019004775
182500,49.47426089315665,10.050642822416984,27.681100853136,1.8217830801659236
183000,48.25473047841847,11.215436327148637,26.678080642936532,1.8952618275048472
183500,48.011916581795354,11.958165957042254,26.942369849166006,0.5636879297495749
184000,48.26833643039315,12.584784841809327,27.264961148545336,0.7457762010313469
184500,48.78337099588355,11.073765420465554,27.959192757817622,1.5987742010993982
185000,48.23028565982789,14.674130798309612,26.38073844830823,1.6683679363311037
185500,49.57042937761408,10.817618230797457,27.366514501880086,1.9220230785769248
186000,48.12508833410819,11.41254962252543,27.60723275757057,0.1294130149530628
186500,48.80379279813061,13.31467561431454,27.439220591600648,1.26952263333079
187000,49.48205446610131,13.290812344494148,27.6113521313861,1.6000129528312697
187500,48.57468004258908,13.071958787339673,25.97071880950234,1.118416131202358
188000,49.97310933855115,11.506716995902112,25.673608017365403,0.36013683143816566
188500,49.69099596327802,10.729200939402698,26.120864260723234,0.06791673810648424
189000,48.69401059921563,13.983473586633234,25.415833481164782,1.895739579747076
189500,49.25707649354182,14.553361489844512,26.64895442889909,1.1973040074420744
190000,49.356451647884114,11.711390233394468,25.991048222426056,1.5990104224840977
190500,48.95141465341387,11.976391004379517,27.661091446720423,1.18397595142726
191000,48.54810768642692,14.957587813551275,25.797347426362325,1.4348905221137798
191500,49.94752725248773,13.619208537346028,26.644645022680344,0.5292631300567259
192000,48.30354379720097,11.098031136194942,27.13894605320502,1.8904906504549184
192500,48.52120799436314,12.365108284797074,25.04255099967439,1.303530421502047
193000,48.470374356055466,14.062178363467138,25.607641846054275,0.1020459990768745
193500,48.73839043131798,11.425885382364292,27.091664426959326,0.26879545404460714
194000,48.98821735504864,11.810489593810832,27.339852176693903,0.20998990719120814
194500,49.901111486903844,12.746108821394015,25.746069759677717,1.1866276607064983
195000,49.90200579310261,13.827299376981628,26.030917908261827,1.1134386309747875
195500,48.23464739749889,13.199744619783218,26.65702480926077,0.7451237308189698
196000,49.52558255268993,10.143060295330024,25.71349870176165,0.15112546916331504
196500,48.250051878391325,13.407582740331215,27.254833807410428,1.340225403731672
197000,48.22710801124742,13.821286787491672,26.701161495804424,1.366837259820425
197500,49.43324464090798,13.200005124862708,27.50123062985038,1.80608238423387
198000,49.01596940733431,13.95810403167268,25.900824553024425,0.07642973930810326
198500,49.80781439420777,10.242080168645034,27.78058136384941,1.2993686864629468
199000,48.07487378599168,11.062214356813632,27.493028850237003,1.7826192443717934
199500,49.516422342383535,10.58317404744722,25.054737039955675,0.40797094747563545
200000,48.25356684028297,11.111514208094858,25.66372554038819,1.4127263320831358
200500,49.71013477321336,10.336425144347377,25.892870377647178,0.37838731463958486
201000,49.359577392056316,13.820871168559833,26.109366369033552,0.9081706788427799
201500,48.6627072881435,14.736390902901583,25.355117220599055,0.2676217095447293
202000,49.75964845386871,13.571125326878533,25.99379849874095,0.5165204108036281
202500,48.63085602577446,12.716054457354335,25.62252173389087,1.6295462683930344
203000,48.002224347754705,10.355866154676258,27.837830380095642,0.14579771712395084
203500,48.56761544739808,11.984464402505967,27.557690489321434,1.1271748986192731
204000,49.46438944912961,10.363529336138265,27.78443882493281,1.9186644652530613
204500,48.38671843886013,14.458883181717496,26.534044507647256,0.15175329684408378
205000,49.50360558400089,14.978253263627726,26.43963251118956,0.8647274092826185
205500,48.75057456931782,11.398284887286806,26.54736553630173,0.15201516534018178
206000,48.136916662416965,11.642713764965338,27.95996238808068,1.4397115863614767
206500,49.68625810244224,13.022239935416856,26.755200688737276,0.17380096881584572
207000,49.66423855153751,14.76353558767884,25.34917505900325,1.6744080115902598
207500,48.951921000615435,13.15601078855326,26.247543583949255,1.4581202131257187
208000,49.836888407982435,14.218397757386352,27.843009164314118,1.8531693893807608
208500,48.57930826390566,14.24829588102936,25.339166245421364,1.3733585874729917
209000,49.79715756500558,13.748782411924719,27.476696208067448,1.2145318909232814
209500,48.14688849764398,14.187303368133508,25.890263638465978,0.6776754363876134
210000,49.71951503902442,10.461818313912744,27.89278360837586,0.821600564139586
210500,48.45156671095133,10.212339414673089,25.35381740676454,1.1233412280262451
211000,49.527144740399,11.463473770335318,27.59670603090599,0.6966063513602538
211500,48.786530453359624,13.233190884924198,27.797940784809995,1.3801744700195788
212000,49.341929487234985,10.334034317623537,27.038536819396995,1.2372675265080928
212500,49.81697337577057,13.343486506141948,27.18453263374719,1.4070624461055448
213000,49.57963068694197,10.468046620730735,26.778670891189943,0.9951145643673065
213500,48.854212051416106,13.806328018165036,27.40815891716057,0.9329992467020067
214000,48.87325835248547,12.041642143996569,27.13861525969749,1.2023606962190814
214500,48.063051464350494,14.908752070943208,26.755786681414087,1.966776986836269
215000,49.784827595209535,10.843607981415438,26.95501187293799,0.1674453248712604
215500,49.86648949371406,14.856681648405392,27.903140383752195,0.5124784247511442
216000,48.29046712460393,11.334536322137497,25.780694534853215,1.8544513989042202
216500,49.73077469817944,12.613842687148193,27.251037333557207,0.19402751055633782
217000,49.61543992106991,14.827198946404467,25.659994008516485,0.30391905602464697
217500,49.132611736702344,10.306380896997343,25.625140904528195,1.8294491328883309
218000,48.10538438445937,10.824158722844356,25.144845682514873,0.8577166308237121
218500,49.772203741281984,11.710490006841846,27.91271029848574,0.6484923326606926
219000,49.97291005364094,13.726961860138994,27.727784275945698,0.36263477102932384
219500,49.8604144213477,12.49653695053297,25.338548618940393,1.0198151783272729
220000,49.927013336047374,11.131342661575856,27.526703511613057,1.7965693581121673
220500,48.72009261524923,12.294760808997914,26.869384424982975,1.2630484805680335
221000,49.097844409999986,11.70775042270751,26.896845869076152,1.1612006147067118
221500,49.42573369507191,14.496065361528157,26.138542005912512,1.9944072890720141
222000,48.514831859434814,12.959494728164188,25.89372298792727,0.8029643865410461
222500,49.17999956715722,12.831993740323465,26.887071961926598,1.9251033734249774
223000,48.06378561095573,10.818663765125596,27.09121879707008,0.07564987448705729
223500,49.900863945316274,12.915322564631095,27.26879572438314,1.1685766589760054
224000,49.01851326468752,13.071044260206424,27.85120174500701,1.059327581815603
224500,48.076167072374986,14.10871567561454,25.65082475787684,0.24174356008633202
225000,49.93826906245077,12.53268730326198,26.388897917038204,1.2217980430399837
225500,49.85956255758468,13.800588218951152,27.77913931251227,0.023502868316823244
226000,48.32341352777671,10.721975268802474,26.982387653643254,0.8505558678943614
226500,49.04952025667629,12.086721669646865,25.06274112945903,0.4336653575879079
227000,49.9944013663602,10.788140146170626,26.96625427276649,1.5245662450017632
227500,48.03355370632933,14.288574702529178,27.956297924204414,0.20097595307702298
228000,48.187416791272966,11.308634071522828,25.601975466552332,0.17167339255504177
228500,48.07762342624406,14.641139970908435,26.96945820970412,1.4299983853895248
229000,49.919863018591286,10.370082572491189,26.651234181134587,0.8935026938978745
229500,49.215065227978684,12.54370809134273,27.77359758282639,0.5255647132555448
230000,49.85550615242728,13.977002744416646,27.073905678797182,1.1402506628872076
230500,48.564648160160466,11.483248964453667,25.120313539099183,1.5338226611533285
231000,49.297636415731624,11.900575117453002,27.053134587212174,1.3788601141505534
231500,49.462851157214025,10.858761626878568,25.237072415118156,0.014981089304928918
232000,48.365709934860334,10.430340588513603,26.526560924732106,1.5354526795173442
232500,49.04605687320981,10.221302678850943,26.853028082153404,1.2693026578504636
233000,49.37391093014844,10.61206199469098,26.209517422693395,0.3477722004893795
233500,48.24141128006214,11.464641192712113,25.433842817022583,1.6993438512873549
234000,48.83182649227842,12.203288987154677,26.112370824941493,1.632600783239347
234500,49.61703223898845,11.303144310400597,27.03172545290829,0.8946126973240507
235000,48.30129659254048,12.713190598280688,25.100342742517896,0.6583752243303018
235500,49.49999768472017,14.663508505299436,26.828220773330138,1.0411710660071212
236000,49.48521318680026,11.222068164330729,27.843161384701215,1.7968495282817507
236500,48.321941752506646,11.244349663068846,26.123530251960723,0.9783242021935348
237000,48.88133689756938,10.018149991812862,27.465796816557706,1.659924307129833
237500,49.2886647947972,10.77932243428805,27.846232692650613,0.9654380516923475
238000,48.98698198347121,12.574181266674753,25.79175510728316,0.06773609758095955
238500,49.698868635689564,13.949795516801874,27.404708696284963,0.2532277473971585
239000,48.207184173817055,12.111791457907286,25.573104122405496,1.2677454936688162
239500,48.385557819189124,14.804193907659059,25.75940222166606,1.8657108209850568
240000,48.24382351628577,11.707763845658716,25.010232907630108,1.85165899495963
240500,48.156670460491576,12.391591736701727,25.789734664985552,1.1346956865554554
241000,49.51049076147718,10.56448339606785,26.003021907270043,0.8852153348235874
241500,48.447360098998736,13.879420140890694,27.26485988309837,0.9570130087510997
242000,49.96243293374289,11.371654536384222,27.270339544001217,1.543775620044207
242500,49.672605849844466,10.647051065907071,27.58776205949124,1.4341107107577369
243000,49.89363740932298,12.266585953746201,27.993504931839816,1.3887618135057012
243500,49.16201788718149,10.467210345912045,25.25013951201529,0.40567885139767834
244000,49.442210054106326,11.446397378944216,26.22226605589556,0.9561320171940011
244500,49.54215571852467,12.331518482284967,27.579299246152214,1.8624027419333526
245000,48.89314999988491,14.950589870279655,27.888645222413164,1.6770105042359078
245500,48.228311458135444,11.07404249060013,26.949616391591558,1.6761825738316742
246000,48.82660080369855,10.065135870737695,26.136228814394336,1.393817620149545
246500,49.938322325223695,12.786771748744105,27.695720397966756,0.23010360246581651
247000,48.391884313987696,11.10836854163252,26.563750944892234,0.1362547099112017
247500,48.97281948952253,13.281534361677243,26.098163438774705,1.7459960382355408
248000,49.05242856591379,10.970169140915923,27.98241339446901,0.3879117951312847
248500,49.16801263607006,11.135271251627444,25.413914042919945,0.261776500337048
249000,49.35878858266108,10.039373190747686,25.90052767543713,0.7758641667456114
249500,49.2715647895604,10.135742532500991,26.99328722548177,1.264441979300841
250000,48.858519640388934,11.38732698793819,27.377865054885255,0.8252393941495315
250500,49.5583333036678,13.18690020921301,26.91738561879534,0.882569656062312
251000,49.16829349566932,14.826373799929568,25.62786662814344,0.7917293681267885
251500,48.51569639599457,13.009083596064855,26.344207882856903,0.14582991046694316
252000,48.04018667139908,13.697429118304221,25.215756057779174,1.4557593068519672
252500,49.85665233330963,10.169358840461783,25.532013219436063,1.7491218989561537
253000,49.11350966848282,12.933532762499494,26.26705960836034,1.5326610189056435
253500,49.93804409757191,11.834548426725892,25.1410790671961,1.7257896782926663
254000,48.80287910499783,13.967249461854003,25.803917018595026,1.935996644463199
254500,49.92800149029677,10.825460258206114,26.774005995943796,0.559256310310315
255000,49.55923282601623,11.953914373244555,26.269457988164092,0.31146411554040676
255500,49.601786393459605,14.964325302785927,25.522113486636517,0.4179610981302522
256000,49.377504821467184,13.943598286754138,25.196547774819958,1.214583697129353
256500,49.81020284493846,10.186213211550443,25.283267722554566,0.5398629500945487
257000,48.09894633546525,12.583724120441193,27.74962701218771,0.14965593609754468
257500,48.20827212241525,12.150548039062839,25.968038612264202,0.3444011365855024
258000,48.74555405179288,14.012313909017237,26.83029009893327,1.0761808981228038
258500,48.39314720961515,13.83541026251379,27.995630516218732,0.21752122059230095
259000,48.228406287984356,13.069735725238225,26.42552935196706,0.26845569053776286
259500,48.89131428761543,14.967827668803181,26.562546265923338,1.5363401767495097
260000,48.33832388926964,10.223795143287763,26.298610559089294,0.8573405818047437
260500,48.234783368276894,14.499867767453463,25.493830020945126,0.16083475278387804
261000,49.76977624008608,13.739752313031047,25.26387725881421,0.8041629335613367
261500,48.9947897917181,11.745989888435734,26.24860345116286,0.26848198632306275
262000,48.72475871097589,13.190228262130034,27.415932963224062,1.082139469674368
262500,49.93979456354327,14.800313356363677,25.437830982007917,0.17529267720850794
263000,49.029125906705005,10.07994298500043,25.411626688047875,0.3332133419513197
263500,49.49055890562354,10.046446339372013,27.055922893602105,0.6202304088054873
264000,48.771721111645036,10.836525316684561,25.66251651282528,1.944071511313172
264500,48.94159262736829,10.380598498808409,25.84477465403058,0.4825356962733385
265000,48.6650146469351,12.399421224605495,26.137268176476496,0.1438362689096786
265500,48.3582088859681,10.440224973614216,26.648915428530874,1.7737132247648797
266000,48.95702408042341,11.741979325897418,25.057673986500557,0.10632951583662975
266500,48.18544853495859,14.159394691860227,26.015518517074945,0.9695591910442729
267000,48.10246531170589,10.942812503627058,26.23218726994106,1.3110709178187703
267500,48.26130137258937,10.813435265138429,25.09321679799818,0.8651033052379145
268000,49.304349901370294,14.965843899998108,25.765785015080542,0.5662350574372026
268500,49.292874983587566,13.514377652913822,26.846613482109962,0.44135524892054034
269000,49.981950522913834,14.616621038129043,25.03968634812483,0.7660285316308624
269500,48.41978866971674,14.55220684632165,25.388942834364368,0.6420084480743544
270000,48.230717543723664,12.033760990521998,25.443829887266876,0.6293292319844435
270500,49.59601864042243,13.063251716683679,26.040978204853854,0.5264393159890826
271000,48.957061233327536,13.0546236721921,25.203682291579376,1.4863026619259074
271500,48.531377522825856,12.477868270268885,25.330454999933337,1.040140844693849
272000,48.36581343077499,10.650947149992724,27.07297661814428,0.5686328052269123
272500,49.11811351768713,14.448909957245327,25.727967020284602,0.45156380916465544
273000,48.374707271365544,10.353556347139035,26.79808556174018,0.5012940870357097
273500,49.73153875094609,11.40907101517474,25.151119804084374,0.6770103149242275
274000,49.79763760842636,11.658238542429935,27.211272140467447,0.37709566213005385
274500,49.78369682418781,13.71304286447634,27.841520663626042,0.6057636755718248
275000,49.16538613513318,11.108149772804143,26.2264439238915,0.8699319952189692
275500,49.875383230695206,14.97525867818198,25.70975276376251,1.45551365179553
276000,49.247987953392474,14.656527958027464,26.57763134217256,1.9289337676694287
276500,48.61824586792528,13.148939782320587,25.998042725762453,1.6339497912791459
277000,48.36455414927618,12.420882154029247,25.621037023580154,1.689311883613398
277500,48.20244714524138,12.577279520204748,27.186691329605875,0.5314680313852471
278000,48.04053301019054,14.21743115325526,26.073331905465594,0.556020687632838
278500,49.88419269052549,12.493480911468186,27.90516584194651,1.0995409535220724
279000,48.646764325976356,14.89543632846754,27.745930168183612,1.9572121896246926
279500,49.12222820755462,11.857636513010418,26.715657923651822,1.6184818766250235
280000,48.46128908340134,13.95350791641254,27.02520991539834,0.3728180611605312
280500,48.383126380193175,13.904518732117918,27.498608639232135,0.4188268550339205
281000,48.48617188589872,11.885738956280006,27.09675070878922,1.148091853204103
281500,48.70291554166602,10.31215543593257,26.801363281496798,1.8196905838842625
282000,48.568864109157914,10.420546672895115,25.622681987633282,1.197361880832279
282500,49.796965459330394,11.667367606232608,25.879029263326753,0.9623774042813025
283000,48.760067070888645,13.741774334829465,25.44633602089733,1.533810702915854
283500,48.44792682130442,12.262487983437428,27.96703125863489,1.7005704262597505
284000,48.691732172230296,12.042317812823981,26.850235586014467,0.06562447275805039
284500,49.02941957690983,11.362272454330796,25.562356559831592,1.3897957463328878
285000,48.78467278091768,12.863943605338118,25.64229419843411,1.3237581375208793
285500,48.23924039744306,14.519509511730739,26.262293185534322,1.5155504468598724
286000,48.030350759224554,12.01154882220991,27.715699259145243,1.7347153120644085
286500,49.7907984796817,10.979879996422369,27.247140911624978,1.1731243392069868
287000,48.35216805745133,10.673331804692435,26.990146035411023,0.299894256316112
287500,49.01755658439537,10.234264460010506,25.060987907871883,0.6049657497979399
288000,49.21769741294297,11.587126398060457,25.943521238088486,1.1485058243978956
288500,48.79132864272731,11.489470045238765,27.054445335193602,1.3903406438334422
289000,49.85815194807,11.990964975885822,27.49999560056363,1.7912755812943941
289500,49.83993481661213,12.67772948913911,27.221691204781578,0.08443981247152421
290000,49.98984797150835,11.986864882313194,26.741223237866905,0.2822794514300606
290500,49.93788311994491,14.121823973844954,27.96556073526139,1.4923409381996682
291000,49.21427236064744,11.527237059621596,25.943558045448547,0.41081551660339444
291500,49.04331019599652,12.998319598396318,26.31510082099971,1.273738215397054
292000,48.07814159312578,12.01295874229237,26.59703405947541,1.3435557528215503
292500,48.12146386971757,12.472751551307548,25.8491853085024,0.25050832981955784
293000,48.69687072903201,13.85270374590986,26.801649101730373,1.245179835349223
293500,49.76424505183878,11.629493758063463,27.076934580966896,1.5955522492811678
294000,49.50761816480983,14.13909910709983,26.517051543666597,0.3574136487443875
294500,49.072084911949275,10.87981524035849,25.015270583543852,0.31551003842027736
295000,48.6142978841325,12.788466956196848,25.268019499347528,0.29988378144066474
295500,49.40840958320623,10.080457219626972,26.085966679663834,1.2657325218550248
296000,48.95639035435885,14.307214387372216,27.36003974763453,1.7807521727371918
296500,49.35416717949202,10.195341242078362,26.577719735851463,0.3360454213197819
297000,48.39519875913947,11.324656504821869,26.53380225362901,1.2729993795552188
297500,49.862742968992784,10.637788054277614,27.19581525073934,1.672093940668392
298000,49.472254096573906,13.317711504214676,26.06099258989643,1.7272253467293408
298500,49.92857132916538,10.028404399789142,26.77271999546946,1.55344589138619
299000,49.53067192369054,14.234268221391233,27.49075429841419,0.5087614780027758
299500,48.67010899807064,12.793732340878114,27.47157622520982,0.26359545846653987
300000,49.90808184088625,14.165905548387833,26.307210078902656,0.781029426724489
300500,48.77396085368573,10.289505998588321,25.37624894526799,0.6528559898471809
301000,48.40159341975975,13.618122957755235,25.65976608835218,0.3553910067987409
301500,48.70232273915849,11.028648044856897,27.649637899359977,0.8312107891178622
302000,49.88512967131953,13.996742547070166,25.579414742899207,1.7319629493979412
302500,49.535306348544914,14.73816968556114,27.63209921288822,1.499799175167319
303000,49.19425138366302,13.828663902788097,25.496382640450754,0.399310318055913
303500,48.06957588044983,11.661358482275109,27.801915180321657,1.4046688171635289
304000,49.25406462927543,13.49009054493603,26.529624306643953,0.8442827129296575
304500,49.348486593016354,12.522822830908986,26.672844995365416,0.6781016228230876
305000,49.70201046757525,13.542440339160013,25.229787169664363,1.251639849452897
305500,49.25299039531531,13.26771298421677,26.287070662222007,0.938896107222599
306000,49.9940666904938,11.816074703201174,25.25261213017804,0.6041653194722065
306500,49.52784419028992,12.936437811349842,25.74843516864656,0.04321901132716777
307000,49.813606278897936,13.798724315393542,25.130628632610783,0.4224936955693399
307500,48.61224999555394,13.166061078573994,27.32625528496105,0.5626867445846071
308000,49.19413093996494,10.760511912858236,26.743602574166353,1.9605556212286426
308500,48.299261346102426,13.120615134616466,27.79483724007954,0.4725418815099831
309000,48.15019164062642,10.458992900926926,27.30982676377359,0.7913362307594274
309500,48.876084382706345,13.47916479331806,26.13533424242743,1.0993715212517734
310000,48.632841607507295,12.360896993580292,25.75704613161562,1.3592306575812085
310500,49.031257325911405,11.994328167679052,27.5477975245444,1.824411950028572
311000,48.70299982929001,10.914817586685958,26.117549952731714,0.8750827326784494
311500,49.67995864229489,11.52731567361747,25.917503896322202,1.2173658867081412
312000,48.35977291250813,10.730608873924513,27.622792302632433,1.7695307963020983
312500,49.69033645650531,13.60816400316582,26.6277517965441,1.9610058752298027
313000,49.15521128749846,13.999923703308218,25.043549905479924,1.9009259307549329
313500,48.28246008765852,12.421836818287659,27.001777633610992,0.3597097388869668
314000,48.76690695495991,11.793825696267639,26.09225769132944,1.0888394244963133
314500,49.81171536669806,10.035499057033404,27.066651822666714,1.1953723808195351
315000,48.41693086555125,13.978732597831565,26.11764632403805,1.0629916460930835
315500,49.659864087382935,13.579847020142854,27.728976206684752,1.0463201650249803
316000,48.567427568236816,14.45599964313573,26.208120868879202,1.1889696372747034
316500,48.84557539281281,12.650105578401028,26.878979073500417,0.8234420554909629
317000,48.1605446831324,13.115999554382759,25.031968905222968,0.34103863555062297
317500,49.87475984908469,14.767378802304913,26.817924560251317,0.7092235590688192
318000,48.45103723392991,13.366490418218945,27.40660644052426,1.446861945276976
318500,49.470119498682394,12.10805701760477,27.762377108188463,1.5116437088381571
319000,48.818472688848075,12.883749061814932,25.001391523708524,1.4860938019250847
319500,48.70267184088297,12.954165622091454,26.31570175144079,0.5068618430725189
320000,49.53327192266581,12.651169471678926,25.46374942981015,0.37756098851993714
320500,49.94779097792191,12.401227991920912,25.548628572525182,1.40595362320884
321000,48.727673489253,12.806459627812963,27.890797308035147,1.09188412396308
321500,48.525199760359236,13.609716463151367,25.97693550313486,1.1522878342744176
322000,48.28661003994068,13.402046333660419,27.750655189463867,1.0206226764288147
322500,48.97229905438764,10.458378358689762,27.646888450004646,0.23883006741981405
323000,48.21281792068604,10.888039613347114,26.413761726017608,1.7635952722593156
323500,49.15924428689628,14.249039765296175,25.251664285438153,1.9883859627579346
324000,49.27121320645442,10.866691731220243,26.77253249892151,1.0517595389324725
324500,49.93272282845897,14.926776546032876,25.273460189527754,0.6450843154725605
325000,49.90406916059785,14.047619384177585,25.367061426639147,1.8997562260092131
325500,48.860923010125276,12.912844841479782,26.475979397379312,0.37983556865392565
326000,48.38780651625399,10.66833465991913,25.225899220661884,0.7996998645164541
326500,48.32676405047019,13.232251407323282,26.84801771646995,1.690866202701807
327000,49.57204358673798,14.534807082656716,27.909134572131066,0.5280979457643682
327500,48.55445976698832,13.718741043599758,27.653252281668266,0.19488507974425096
328000,48.21048417563025,14.136508306418365,26.799809568581075,0.505322943387726
328500,48.72179519533912,13.752408607770084,25.54546357360828,1.724029587789853
329000,48.521022596285995,11.151692752570435,27.021014390787137,1.9309442952932387
329500,48.45131730631387,11.22280728564835,27.587130018894943,1.6038170299387187
330000,49.29035899639278,10.466204427518491,27.03224472648926,0.3471957657203304
330500,48.017974867315274,12.866645866056011,25.575066911434,0.3483978652481148
331000,49.34430700052774,13.827053209922923,27.597717891881235,0.9895640322646255
331500,48.24243697040725,11.948179769919607,27.352484954575225,0.3434597262815846
332000,48.39952469538683,10.615493178750482,25.307715254211665,0.5944214554884082
332500,48.12064648116699,10.061307129316464,26.36874215763836,0.9627366185522928
333000,49.24877439053864,10.431771294655105,26.71302894672469,0.41574831301358484
333500,49.77146217064027,11.959779595786026,27.13341982042848,0.19864339680932952
334000,48.671965486086975,14.580091511298747,25.905664304908253,1.633454433518609
334500,48.413765395570934,11.54555575159036,26.030255856330058,0.9597974736863135
335000,48.54217564808194,10.793762316920933,25.245664050624285,0.40024258141654356
335500,48.27855946160221,14.845623884530443,25.271469878848237,0.0006222567999774054
336000,48.52853639028341,12.742357719073029,27.87515970308779,0.37493022419940214
336500,48.013609121422704,14.807981893050458,25.94357096646616,0.13717024692291013
337000,49.294681805908645,14.00751579414175,25.569623712520002,1.9537770819222537
337500,49.65852390784319,14.224679078147155,27.051944126074883,1.8104995646666748
338000,49.573695866766066,11.223714965144968,26.331770965493817,1.8059982435418902
338500,48.249357889593,10.861110687392456,27.842547090849504,1.2784334394581267
339000,49.31591920771552,13.19060158606888,25.7953605478974,0.6287879207861773
339500,48.22997079062625,12.954999615962128,25.621543775727773,1.681214621844623
340000,48.07788500615238,14.559976670094525,26.735183044199125,0.36511858164582245
340500,48.68924980348404,10.061678347948389,27.50773473680245,0.4689070981237029
341000,48.33097537381764,11.92846837261652,27.569553939130827,0.7972559630441973
341500,49.11896265703064,10.81312225190097,25.043303243580805,1.363944177070448
342000,49.27858835155243,13.561183299145164,26.511736124274815,1.6437837827938768
342500,48.26696107238192,11.692578420086862,26.693670829789568,0.5031617938430373
343000,49.02695647251456,11.365756780120382,27.406962173032113,0.3452872379994061
343500,49.3506212576521,10.450406743957165,25.91406141323997,1.8425063352605355
344000,49.66233098172171,10.265776873960842,27.476210369821903,0.23496359658415122
344500,49.09414498603933,12.011734713059585,25.489456925706197,1.7659455955100916
345000,48.69016599073537,12.704582553579662,25.747489427083085,0.4828451950930235
345500,48.74765782587359,12.3002061193143,26.417304750339518,0.5107737298428994
346000,48.32713383031178,13.46426795058504,25.442980846183094,1.1261405988730135
346500,48.36077487445526,11.943911640866991,25.829051867703225,1.6626181471271817
347000,49.05467470227888,13.496206527022881,25.771521492152623,0.8249284282806968
347500,48.878787827381856,14.108872989655021,27.610474045685976,0.8075500538133116
348000,48.251218504840566,11.099526045240632,27.84940037218422,1.3682149390675085
348500,49.98563373186655,12.775573507448017,25.493842012373694,0.7627398424046476
349000,49.65920501860853,10.419246730781353,26.606757383857477,1.0852780551692012
349500,48.77183435826597,11.40071340595466,27.265842518045908,0.4466463921364394
350000,49.350808846509814,10.166043497317103,25.29483404380147,1.83091449360492
350500,49.36802862684717,14.965120492258249,26.092468755429806,1.1653941181883762
351000,48.05322051636319,13.3658321182809,26.239898954516843,0.5422743567760075
351500,48.242719898095395,10.482490267086959,26.85716924705269,0.21883001439255034
352000,48.66530342656417,11.376793106901387,26.087138048702247,1.479392684900454
352500,49.10049176146515,13.957496008507928,26.531665361868956,0.89868479514625
353000,48.94933873897136,11.054602870387633,25.178763245094334,0.5052090828155138
353500,48.77294941783861,12.564862422273263,27.4525161472829,0.6772003217649212
354000,49.1477931731559,12.027703109623245,25.397107779306197,0.365843870563068
354500,48.734001206036794,13.941719436069306,27.499088617110857,1.920848825305633
355000,48.059809236357026,11.93065854151531,25.027835393956323,1.0941211997616782
355500,49.337647906966744,12.6667171436748,26.295355785479757,1.2191199008817444
356000,48.78602788037359,10.35930421106635,26.15915492001617,0.16912851218285674
356500,48.24805352493351,12.460984326692891,27.543534417822713,0.13024108824596237
357000,48.641797522786476,13.708663153309171,25.368014075753184,0.12437097489011872
357500,49.28370267014369,10.268972657338848,26.91357232659256,1.9142533201149619
358000,49.97405888067533,13.80795670856848,27.17557997626886,1.0280151299816827
358500,49.70963291580675,14.160002754175931,25.654500565412235,1.3573189513732233
359000,48.67102903728705,14.47428934765036,27.2355969150602,0.8800135063515637
359500,48.02122268662628,13.295363034440204,27.985325931604326,1.4811558533152043
360000,49.83819805729668,11.557631801666895,27.636684870986937,1.2280600537131683
360500,48.41310376850554,13.311237090649335,25.27932758640865,0.16415445074503854
361000,49.134725598243136,10.802508074677673,27.656156666349123,1.0189858170352792
361500,49.37507711144663,10.49017307988829,25.80034789813599,0.5415680632036517
362000,48.33909725521252,10.205789037356457,26.411583787206656,0.12045752777627095
362500,49.20762196266665,10.644196605913805,25.485161033070305,0.7368458135094658
363000,49.08370933537065,14.204804262662472,26.2246033700661,0.7291652880521431
363500,48.59524028539834,10.18804364189193,27.576475841406406,0.6141184837334606
364000,49.88826408319832,14.167709357817746,26.697432650303867,0.8709960382223834
364500,48.833571473101614,11.837067661149113,25.150855381586403,0.3079327249282038
365000,49.67704099719733,13.687755672680494,27.429274789812666,1.553295500635903
365500,49.05078140531957,13.55795552544338,25.795703214545934,1.573348578704863
366000,48.72663786038703,12.048866572119055,26.356142499996547,1.7613282149422336
366500,48.693320738890044,12.192930215957935,27.93077283762003,1.3518357643339445
367000,48.26618365085053,11.645965500554706,25.905767404168287,0.011939310032224482
367500,49.13742654058435,13.669387125432571,26.785811434739454,0.08718351328577745
368000,48.68610463209162,14.869692673393,27.36955871345979,1.7730931803359304
368500,49.97148852475819,13.811832119967537,27.604213194860918,1.2724203465520554
369000,49.613588575959575,10.76061159506381,25.248273130501747,0.5139518846693243
369500,49.178373066269394,13.29362464352149,26.79278623481567,0.7478872387616482
370000,48.53972779345544,14.540881977122783,26.996475468218918,1.0136832631103123
370500,49.37274843811067,10.97951527730838,26.885047998224433,1.9185417661782935
371000,48.71265908995035,11.90123337298595,27.840143125790483,0.5785460108946416
371500,48.85736062753421,13.778736348010163,26.954556060943975,0.42081562311205545
372000,48.21151501519436,14.50188552398322,25.64406876395742,1.7522547699170812
372500,49.31998943463089,14.190845940975661,26.4588245182872,0.31770026895153913
373000,49.17406757803338,13.03131514493164,27.965844013353703,0.5729525531329123
373500,48.24849298478422,12.872842412866836,25.076793267858893,0.08091631508530983
374000,49.82102445470442,12.355648477769693,26.16638968421884,0.05586006884457917
374500,49.83428889760724,11.989349202087414,25.098003457269094,0.04520497499958309
375000,49.55564668622651,14.44787619675806,25.51059319713945,0.825629861586985
375500,48.939633383662375,13.302063830171004,26.546768542369442,1.3831352255361558
376000,48.68769105913203,12.871496375027569,27.284037603849058,1.1309441934580728
376500,49.93849679733004,12.313903105109715,25.00128086413974,0.4563902132575317
377000,49.55362408295741,14.33798153147487,27.421733917263484,1.6426815418461287
377500,49.92498484961611,11.541353005893626,26.45602241813396,1.1194736339363365
378000,48.94827360057623,12.044029416699297,26.516792035057946,1.0926242788054206
378500,48.27217712838342,13.833812367754922,26.080362580727524,0.43481866998635077
379000,49.91846910069156,10.64959498497757,25.509494900224702,0.33095529712206995
379500,49.50034769249058,11.001186545237033,26.58225600277297,1.1972461170268807
380000,49.35030931062129,14.322277890361192,27.7485538503162,0.6555644014677826
380500,48.96886646800527,11.244842365308376,27.668745264433916,0.5133737602211794
381000,49.328519843699276,12.62803785279039,27.44226467178723,0.9664104407033753
381500,48.83437259735821,12.702814124680113,25.068548999915315,1.72466190483405
382000,48.497957081814114,14.114242454915967,27.609384251330525,1.7807919829941643
382500,48.04361866933284,12.841649370088657,27.11448483241488,0.4211394944805673
383000,49.67444395312933,14.043234592680356,25.70330851523998,1.7156517883904252
383500,48.627412599519005,12.233632516040434,25.540968673620576,1.9583832387340354
384000,49.74196162506646,12.595369748135607,26.643857897762285,0.6079087903905327
384500,48.031203370101125,12.306842293683285,26.866181940115702,1.5987112871426543
385000,49.06354738515181,13.12045238527043,27.65645872049764,0.20590696408287212
385500,48.34970262836191,13.03426780513302,27.07638240798487,1.9170758417719451
386000,48.30466700139327,13.13656885231999,27.850625082605447,1.741434944036975
386500,48.23159991255006,12.377408053327601,25.244178095073103,0.14036905448536197
387000,48.56684113310206,14.058890841077908,26.19960077248356,0.1055091955208236
387500,49.13548436628624,10.129550447958998,26.180017811152567,1.0470065810644098
388000,49.8674486685867,10.12933309009164,25.54465107237339,0.5239437631886255
388500,48.901097091571394,12.109537752465528,25.828774101001684,0.5290692830545425
389000,49.69682320589805,12.267940891305146,26.126448321884812,1.0304149611813567
389500,49.806890158286286,11.523389407163808,26.10760353348169,0.032326958491165625
390000,49.204961335986354,10.329628107173033,27.84482615085347,0.574475448268301
390500,49.00716167794243,11.023179434196667,25.40017542430008,0.05614663791914665
391000,48.418603509637926,14.30454512668386,26.057775152428427,1.4677405934538215
391500,48.18351659307231,12.624440409423396,27.5940713758963,0.6810431593877915
392000,49.836495970468654,14.66039649364628,25.272725608377506,1.7236814847877218
392500,49.11789769847917,12.541085238229162,25.157385588237364,0.351217183751257
393000,48.177416321290536,10.178051501347902,26.657571044079802,0.3355721669348364
393500,49.21230129247576,11.895313493397495,25.341891849934775,0.788017534632689
394000,48.753262431920234,14.323292430765749,27.26365404776919,1.385132474111964
394500,49.36327221897612,11.908442266224608,26.971314337025486,1.161225405686267
395000,49.48849486787502,14.489803638293868,27.0860544127315,0.5503058597170596
395500,48.109231821083696,12.051012128908011,27.016465348537885,1.0540028251441387
396000,49.68440087046517,10.998694288534372,27.06392848396607,0.7156276336347582
396500,49.798831969284805,13.655086754579004,26.087009551421502,1.6125886827097742
397000,48.76352715617205,11.119220830621332,25.95166386537966,0.269973721791537
397500,49.795897484320626,12.237941810337489,25.262163580978783,0.611500541271192
398000,48.33038378493147,10.536497428332584,27.176150393523297,1.9329977833309657
398500,48.400173143468955,14.729496738160517,26.427319546447844,0.35187951370640014
399000,49.425912037483535,10.467077915359425,26.781033353763362,1.2139199035615762
399500,49.17170034339826,10.429627228226423,25.847199600617795,0.9332061212300686
400000,48.266778281772886,13.429356176002322,27.6458545054304,1.9818844087297895
400500,48.48780222943168,14.082263100952138,27.064133062001687,1.7066656903646233
401000,49.607440977616236,13.215290535411574,26.028202025524692,1.5912130405730704
401500,48.9401008306152,14.636150324746737,27.858864093661413,0.5839362927518734
402000,49.87090991193184,10.65016360625545,26.05247506871766,0.04522669064943652
402500,48.89851208920285,10.074846669078491,27.605383282317543,0.017279833264746802
403000,48.661333857442855,11.624136230210734,26.218974388467778,1.885729263058353
403500,49.064487376189305,14.176014988909461,25.75149430436358,1.4815666490356856
404000,48.26442346781055,13.192924536955127,27.895014569615192,0.9809420499929375
404500,49.76358904252349,12.7356507694759,27.764417835906343,1.1043917934061918
405000,49.18833967896154,14.463586639020185,26.94810659441101,1.3282780430207093
405500,49.94736067516465,10.360024020170117,26.168162655802405,1.8188530440096853
406000,48.84760862815739,14.762012570712312,25.98264472436494,1.2992241441033798
406500,49.69897293855589,12.122693786176718,26.78800851473323,1.7827696949698317
407000,49.246226090259064,10.545177414579864,26.157495820881863,0.6399562738605025
407500,48.511369414551346,11.532030609539095,27.450290870957815,1.9041815817899606
408000,48.5473397142679,13.601312891060347,27.071867098977798,1.330545577107237
408500,49.16607597631212,13.010655086985413,25.643553933438486,1.1663711606673286
409000,48.401617231665945,12.55745043361502,27.76340711816138,0.11560235167674837
409500,49.26135479984415,10.601305615817676,26.210797732139646,1.5694445832363444
410000,48.59484653743223,14.707820463922209,26.58690688697389,0.7309937886378448
410500,49.9588801381414,12.511080544264829,26.50678848483516,0.6488796053856065
411000,48.026488371459976,13.759058628217284,25.490138620287993,0.3165757070546422
411500,48.37132723254316,10.24642731965924,27.74022905548629,0.7689253158336107
412000,48.1484948973192,11.967782814271759,26.77332957169293,0.22333906499535083
412500,48.30337468389119,11.327100379959273,26.01177616153003,0.8214675155535027
413000,49.748656005251355,11.203683438124179,25.06669577550695,0.06427101806188484
413500,48.001227002695295,13.765699651371268,26.917117973077588,1.3503071810237026
414000,48.852484833205594,11.620741164231946,27.160927961832193,1.5884445028459988
414500,48.6396388094528,12.611557140651868,27.936452812018093,1.879288568777174
415000,48.214253248711266,11.573674013045096,27.03569039090128,1.6602678686902959
415500,49.39815897037946,14.641293273827008,25.589443836027566,0.009692638018228283
416000,48.440691020701756,11.348722186703384,25.783284514718382,0.3829877887595978
416500,48.30679496163209,11.710711703689466,25.630342460842932,0.7893588611229676
417000,48.94720057894458,12.976880558337847,26.45209953944859,0.4595863458844316
417500,48.11578946213467,13.866947170851994,26.13679802350388,0.6717190603078971
418000,49.50978375025382,10.044893218155897,25.526844479108213,0.5635174276257384
418500,49.57455430308351,14.602153177556929,27.008050633746425,0.7750673627545919
419000,48.94986494186106,13.876894690184766,27.91175792678824,1.727613422223294
419500,48.86876396093228,11.250157778061649,27.986983711580443,0.47731435669007993
420000,48.012772195107516,14.814525068599668,26.783610856722294,1.114974468961677
420500,48.96013294001549,11.005544558935725,26.050170324759414,1.3951890100259634
421000,48.88377035488146,14.760597818413395,27.958467779915146,0.6204929953927689
421500,48.86028971237438,12.381269713891204,25.184314284890384,0.4230719213034726
422000,48.891155977676746,14.14732930833162,27.610677887462533,0.8502620218990937
422500,49.971840420608295,10.0265337627434,27.522585451349855,0.3946838123879981
423000,48.86366752983159,14.753945265273956,27.79734961414412,0.31136708896177456
423500,49.64153519757695,11.186557258899379,25.875021925845093,1.894525412545137
424000,49.933098916017656,13.871671967896727,25.585215092606724,1.700092358828056
424500,48.96361083927979,10.513142384378762,27.133173289360897,1.4037330448042766
425000,48.430530012593636,10.082050242025627,26.16414284030852,0.8607421007786222
425500,48.00502705402675,12.975729723397677,26.755445737208568,1.0400070031529076
426000,48.322622161465105,13.141318135512897,27.00676016876414,1.8800096468170435
426500,49.07798961965789,12.812974035812438,27.863393281119507,1.9429174930565754
427000,49.7986619942488,13.189407832791591,27.53177235670196,0.035279392975674284
427500,48.63568793480894,12.599134415019503,27.26481333336373,1.8201786695698636
428000,48.464957859089175,13.083758313832856,26.76257473980079,0.009505997164926061
428500,49.08579842500578,13.808618447326529,26.19992274738447,0.7779349749613635
429000,48.56635074218807,14.846291368038024,26.62698873114175,0.47169067448759283
429500,48.135791127221,10.692919706292685,25.04319007187722,0.9167376360929336
430000,49.74325156404006,14.928286399407227,26.43159127799652,1.4953313405670905
430500,48.22774038500273,14.366297145739656,25.736494893840778,1.547838486072422
431000,49.514868507823024,10.29373214493113,25.917998016888287,0.9399974877526103
431500,48.893703304183546,12.58301834549545,27.468765309863695,1.399318909243129
432000,49.87736027352883,14.641358207087409,26.589533425359477,0.04270158658569456
432500,49.66098189302988,14.440633713611518,26.97052620334733,1.6699127245414849
433000,48.78357856443151,13.965386552135062,27.025728707564205,1.8323348884674366
433500,49.90940804493897,13.767193496519086,27.08102781289119,0.39674073806137966
434000,48.744443082194444,13.409490596170487,27.356321771810105,0.7072420688513423
434500,48.79943182634542,10.99617031146214,27.309402190516053,1.1673081847640137
435000,48.46943515982266,12.576140654983112,27.93480882832333,1.8080772449218743
435500,48.21259485621597,12.334637577372117,25.74530108191499,1.5337099075627736
436000,48.11199712115753,12.796900687435473,26.433333509362626,1.6939418741358225
436500,49.815387957492206,10.921039616855637,25.03625837587553,0.9162510274616584
437000,49.33801118223454,13.013929297010197,27.646064930886087,0.6333728232944873
437500,49.0870057857421,14.33296634786478,26.21761388487197,0.7882432628952454
438000,49.11691118097763,14.566526128023398,26.766760329693597,0.22141895010423052
438500,48.74727221476164,10.584187412981104,25.0410500492114,0.6774333202043086
439000,48.293907471016325,10.603291393065359,26.384649384767933,0.014712193200298707
439500,48.82987590740979,12.572000224114007,26.903096066718764,0.5816625167845777
440000,49.69926153188943,13.433999170279325,27.716383779823786,1.8697501787012163
440500,48.67429263991303,13.591665647982234,27.89071646569554,0.4949749690256673
441000,49.678260927249475,14.046041046670924,25.87989842555169,0.17317857042913531
441500,48.8856546427408,10.653622133781628,27.307813613818453,0.17106960759059242
442000,48.2210131256939,13.46235714539582,25.965103719698373,0.7111958787674466
442500,48.935458003048495,13.801076207045556,25.797111013641068,1.9682000851822896
443000,48.89390303046756,11.428852520586396,25.591394198876575,1.693815622077573
443500,48.58519315953915,12.909054939475316,27.234611765563617,0.8652249024085539
444000,48.24535100811029,11.625829663739127,26.856807763923126,0.3479950146574131
444500,49.35463409017206,10.718155593159763,26.10773831860044,0.06490527284413172
445000,48.38668926556838,10.112773386916235,27.79724711838203,0.16524720035629725
445500,49.11910414836692,12.065326266704599,25.24768982590522,1.600716516812102
446000,48.60188025453417,13.03004657284123,25.515456196618068,1.9330924224956365
446500,48.59479998800598,10.13434471917476,27.34949225571373,1.5349152189662403
447000,48.896357794653944,12.41178254219096,27.004010904708384,1.1627467318229001
447500,49.572322420784914,13.538177073798419,25.918447445461542,1.8190372173488905
448000,49.47661406286065,12.875539210794402,25.36684043164572,1.0202784677376007
448500,48.88542816162836,11.060599997647085,26.872828428795778,0.5887205328566205
449000,49.880152390777965,10.07185696055295,26.62281780526713,0.8380036080083932
449500,48.0481342501529,11.620689379555504,26.707583226351137,1.4822226753061025
450000,49.25729579574912,11.439407013848935,25.902221672647958,0.2114181800282
450500,48.187714289698974,12.043127846805026,27.354514141289023,1.1089795059663219
451000,49.43143421703517,10.793264448409746,26.374958962582582,0.736934665222533
451500,49.66527641063758,10.386107449959729,26.30108511340481,1.8464137470186526
452000,48.76518794670692,12.128944613051415,25.694984752330278,0.3430908896439322
452500,48.92276951301175,10.684024591242109,25.3820833417257,0.9022856809933784
453000,49.68438626609631,14.80378123734751,27.436304424235058,0.3325088178908946
453500,49.617254130512585,14.371491974834765,27.379678675560996,0.9136515559524714
454000,48.738141356351804,10.875051260019738,26.969258137148408,1.8430579744142779
454500,49.566113678266824,14.434137841601286,26.743404298608148,0.9621310354167609
455000,48.41067253375451,10.178612623039541,25.125428038194105,0.6507502355191479
455500,49.52157840908473,10.085460095431255,26.969290172670053,0.06712237464958482
456000,49.343286498528855,14.760783361871994,25.507356805001304,1.5160923251126903
456500,49.01236209513202,12.915437346901985,25.802868955289362,0.8934854600597004
457000,49.61587274024178,14.858745313075884,26.634733703128674,0.6832907542627302
457500,49.84826557087724,10.5428969160397,26.5693034343802,1.970154853582824
458000,48.306198448256,13.482607710677897,25.492875843465246,1.2735179022524148
458500,49.359333215428684,11.75407604523447,27.283800201714662,0.2784756948539693
459000,48.9958453701179,14.352161151623378,26.93552315868724,1.200252266947751
459500,48.02558068334264,14.66478310264186,27.15432108138529,1.5808094919929303
460000,49.25370513609984,14.86911014773527,25.817255894464857,0.04363244156680901
460500,48.32238012656642,12.731681352815478,27.883714197970622,1.970338942465516
461000,48.37823278469194,11.58965760251001,27.267561898276963,0.21431006747743186
461500,48.92691166892128,11.97799156471175,25.27898657906037,0.37295445540669414
462000,49.16956902952761,11.234762742060385,25.84033176660111,0.29436883062872754
462500,49.86585257767819,14.626902433465396,25.115979807213364,0.36781902060058225
463000,49.42709498284574,14.05696858016574,27.574347961729632,1.9224791247752804
463500,49.63071188596963,12.646139906034236,25.50494747912361,1.437418486518266
464000,48.04886113752332,12.844359466560407,25.31762059355773,1.0955648482783562
464500,48.20545721218073,12.740069631721518,27.568673718555395,1.4974260114272617
465000,48.179647860792244,12.794119448203089,27.746250314164165,1.4101602601286742
465500,49.730467753358305,13.316841005720242,25.013104722420152,0.34812271991956023
466000,49.34637164770058,12.748360850245884,25.277155953366037,0.4028331418576845
466500,48.77330369772863,14.36387786199397,27.94323382716953,0.4432659418861089
467000,49.205632596307716,10.928747971133182,25.677618103177988,1.9227838220624407
467500,48.644292681390674,11.155184255482581,25.801949675211848,1.2710015915748314
468000,49.11827742709218,12.428324601290923,26.768049382129366,1.9691188545231562
468500,48.22290686880471,10.437477681680583,27.322830128735443,0.8203281697935756
469000,48.1322963789661,13.595861742154915,26.181474732438907,0.21087617261053615
469500,48.608301415086636,14.00802245642083,26.77565387183476,0.20111233280503016
470000,48.863568147414796,10.288214838941673,26.674640750541325,0.4310163772222213
470500,48.55561224368487,14.28253012608165,25.48305501052633,1.5154953482569435
471000,49.7823848547085,13.33724351556882,27.734155054657425,0.21783002505468185
471500,49.49069868177889,14.332991073928511,27.276604520145813,1.4378890167608718
472000,49.122738874992365,11.477367775897164,26.17066573717723,1.6513013794190265
472500,48.52624699063941,14.366633201327787,27.643185909739202,1.1153160788731071
473000,48.7818163415626,12.159816941208675,27.21065832786867,0.6187597783368011
473500,49.09117881107417,14.188636689642594,27.909655563879213,1.8887121379318565
474000,49.486898534403,12.04846202872081,27.88213399200251,0.722838582081796
474500,48.09534183503401,12.450341289318962,25.47348154124291,0.31752121235655006
475000,49.91851779765008,11.316159788212412,26.593603083476122,0.16718574052294977
475500,48.45168381012162,11.15807240839725,27.649061874376176,0.16135926347378327
476000,48.94172045787198,11.801519791420576,26.51297461289783,1.2026897117843325
476500,48.42598994299487,10.481320515252401,27.9715942717528,0.27398723936410585
477000,48.89464358238075,13.483384676973888,27.173991372829963,0.9255708434062149
477500,48.99009827206954,12.37549732277645,27.371214318971624,0.3964680445234168
478000,48.07858880205146,10.843410068709488,25.978296201239523,0.2592347501601606
478500,48.22606721373,14.999616296834109,25.176498981339403,1.086076613463374
479000,48.39534622594219,14.06912333000211,26.8167819293674,0.7013402158455251
479500,48.54731838980512,10.872436024393929,27.853364563335287,1.3952559058100706
480000,48.712897123474036,13.334971279774393,27.035970935925995,0.9965130025008679
480500,49.69441372880922,14.273016719299742,26.505155387800293,0.7039704329083434
481000,49.247064112535135,11.485336964851161,27.60193337910718,1.0557241636750068
481500,48.460629271681135,10.27414603963017,25.47604707869249,1.8485249970481958
482000,48.580055594201006,14.763464556914823,27.161351921552175,0.9595780832443563
482500,48.2583660407775,14.263867194516193,27.246010757461654,0.953467398811146
483000,49.0590480896322,14.308627857594121,26.681432782350655,1.777366087196854
483500,49.46883208293603,14.837662176733163,26.261548802367546,1.6139219575650303
484000,48.83385177689783,11.95132224503838,25.897399642155577,1.4764779987983296
484500,48.834025644120175,14.57889336841875,27.424761047140215,1.7405064053062564
485000,49.943794253455685,10.423905123783584,26.049297585531853,1.1880349704873274
485500,48.23623583710218,14.882985671395618,26.95035907949717,0.8743761065701949
486000,48.15116378664512,10.361850044172133,27.644843295822152,1.841127418555588
486500,49.41086351968816,10.660085853690804,27.378375663878263,0.7196702278519482
487000,49.21504113187245,10.798167946603499,27.230858344153347,0.13868940552037112
487500,49.96564050597433,11.30355031531118,27.338432250554238,1.0700447687460335
488000,48.279659844925675,14.640923744514973,27.729114467331392,1.2307785981894879
488500,49.042601145780914,12.604636100959246,27.59567768500697,1.0354678301885705
489000,48.70541842216761,10.542458780122791,25.350515494670063,0.023385052399902406
489500,49.400749053842176,14.798464577994087,25.145610436613982,0.8513840634581702
490000,48.25407894169052,12.688011953289276,26.786739299057526,1.5079888858105388
490500,48.298418899461716,12.770457178574295,27.277201323377547,1.0040223142468254
491000,49.0024107467553,12.84902838702016,27.11083149196894,1.5531012742323849
491500,48.49036335989276,14.641531210075772,27.80925890362473,0.4606600337815707
492000,48.69173506573564,10.82408202799911,25.06547574956725,1.4253360273660345
492500,48.13238000917134,10.702379096812695,25.87515704938736,1.4810599878375512
493000,48.88939514485835,14.677139408776004,26.316285467227274,0.7691512351363228
493500,48.5898930827742,13.373052562614367,25.664791181030015,1.4969215798872946
494000,48.421661104830164,11.295890896704337,26.516015636250497,1.458559149607665
494500,48.41439049131978,11.926380642511065,26.369821001745482,1.3279010651090861
495000,48.90208210576665,10.443983773942605,25.30300825288265,0.9548975130096826
495500,49.38581318365222,11.114149998690362,25.817160655495083,1.9795933978863594
496000,48.77895099467833,13.924267553612385,25.437512119373284,1.5701568473710008
496500,48.5565987815009,13.117894031410682,26.491029139084777,1.3038747967073867
497000,49.21267735320021,10.812028623915776,27.279246607094166,0.35132545892615874
497500,48.284677090597896,14.941564545664287,27.154617225771688,0.7962332211485956
498000,48.421130758717695,12.103671662897629,26.606421413749157,1.7382350534898645
498500,48.542159062147725,14.751996848449844,26.827640478308776,0.9240360548676791
499000,48.92099991570239,12.078291618505373,25.185298107936543,1.9840139377171613
499500,48.1829214966767,11.626811595080028,25.208989346898758,1.4852833192397281
500000,48.84945537658776,13.788245568558946,25.531519949549832,1.5358262436782844
500500,49.14155951624418,10.107751722068532,27.236487803877,1.7346473683872121
501000,49.07088388037692,13.2290017240484,25.946504170801987,0.7578445864744328
501500,48.53280054130865,10.034635704445524,26.490135632744092,0.06176435299363159
502000,49.6840044054321,12.72199922550398,26.873694573346672,1.0330602084501532
502500,48.92961618343414,12.835223054219968,25.358449330450597,0.9467158229748545
503000,49.54478050859451,14.555948676027356,27.059502188966356,1.0153705543296334
503500,49.54968187792533,11.01012249587497,26.67905765027504,0.4979988367349648
504000,48.219209112485345,10.031316034465403,25.157074832747593,1.43841474212539
504500,49.25428676067772,10.403542720142013,25.099237705100368,1.4201199199042507
505000,49.355145828228785,11.072613639552568,26.613386656436848,0.38281787771297515
505500,48.02345455576288,12.905170425683162,27.10097651877141,0.8864749284048146
506000,49.394839772191595,11.650525038343588,26.637509718289447,0.9503819109968941
506500,49.35738251359891,11.727496259415174,26.852512510278792,0.6331795672086782
507000,48.112720833953205,13.04323120746731,27.07167177664925,1.380464221974672
507500,48.276074938240306,10.540917284648598,27.073188971805,1.1818659865507444
508000,49.231468178151275,13.37220779650158,25.455002818055497,0.17368951090866735
508500,48.19424002065179,14.811693025850687,25.445257351932238,1.6652908386211165
509000,48.44372859804792,12.184345183814413,25.801127937541356,1.086670071419043
509500,48.680022405567286,14.37650790691773,25.223053446136678,0.7688795490601352
510000,48.18468389188839,11.853762488933093,27.418618152611455,0.4790083596973689
510500,48.236066254374414,14.062599725729925,27.312916056355878,0.3762884488862761
511000,49.81288070146268,10.636207963521269,26.896540073607667,0.3805534112682747
511500,48.477929835012425,11.08337283840502,26.402439293407777,1.6818195801415872
512000,49.26367193618638,10.002742164841713,25.900232288796328,1.8434588080435477
512500,49.08388113561778,10.12934699592258,26.739614997505292,1.6589165392586205
513000,48.18551816154259,14.626538552393914,27.479057130631112,1.8398644522951764
513500,49.912625958188556,10.366184892542782,26.136019417955477,1.6966001199511138
514000,48.82247266161184,14.11761184258196,25.99848804431085,1.071892752157887
514500,49.052763184245634,13.375854455708383,25.07615155224948,0.10251418474597962
515000,49.10011623964597,14.14964446955917,25.815318982868476,0.05515041101787177
515500,48.18944644104835,12.538819578136621,27.276768931483904,1.327124337123712
516000,49.2875322631853,11.610719121781898,25.538375445554344,1.5101689684886637
516500,48.6927172309739,13.121659740603851,26.992662940345866,1.08368891422331
517000,49.04170666888713,11.632365387892179,25.19626037191216,0.22325715399148227
517500,48.58319038603629,11.01927931518714,26.951338831387247,0.6607827602149228
518000,48.06034613859412,11.658939748379261,25.87506214421575,0.5786295722230042
518500,48.45180451692513,13.879469602038164,25.044749255264975,1.6662383230517792
519000,49.91453696150239,11.224110541258723,26.637705773658002,1.6466330063125232
519500,49.78869917697003,13.941990155265525,26.117441337293368,1.9185939758122499
520000,48.49237479162785,14.149985125296219,26.627826350154827,1.8039352227558754
520500,48.8412841048806,10.155645404828183,27.857538803718615,1.3941052615318879
521000,48.65161039818021,10.51308375155563,26.600717576775388,0.5640618455882715
521500,48.19476663944254,10.809316113414992,25.410509612213264,1.791385634935025
522000,48.63771352977795,11.242099819819963,27.165018619776582,0.6362015812508282
522500,48.57931233251223,12.045717354062027,25.143326586056165,1.8085435665882055
523000,49.52298572820327,12.295663178209951,25.99065633669258,1.378531114617162
523500,48.77559318491712,12.567228474772406,25.89330244257969,1.697018644295434
524000,49.17891919199069,13.360058699488306,27.118527968642184,1.5118586656594313
524500,49.64818666362625,12.469973167284667,26.732911675306056,0.5803989543222123
525000,49.98934993559722,13.802074744712066,27.1046419957186,0.6800372773195325
525500,49.76517426066117,12.307458127602722,25.18927295126707,1.6411580332339752
526000,48.440048295598544,13.307045793221477,27.639882840591554,1.026629399041455
526500,48.73570900826169,11.240734757381286,26.054963314442258,1.7306818291772403
527000,48.034425763863354,11.429379309575236,25.980879230828982,1.2940093867896258
527500,48.268644035177154,11.796682621437512,26.542568794791496,0.5429302725325262
528000,48.745728968103975,12.143574857228625,26.065338876605885,0.9643476719767305
528500,48.61438984521026,10.483057896773515,26.23751231961534,1.0976626850983044
529000,49.417831562344944,14.04244711063731,27.42949725616774,1.2966333965889791
529500,48.90986237586349,13.306202543199133,26.964539818348676,1.6615421420952827
530000,49.439687656649234,11.479318843632852,27.261457395275016,1.6810625460156399
530500,49.78329027474253,13.729573417326863,25.59169402457042,1.6113923218067592
531000,48.16997788793153,13.092216699127292,25.48498867863259,0.5089471247830242
531500,48.212305498075985,12.610441465487865,25.555902928453854,0.003944013249906897
532000,49.92007945944995,13.048603780518263,26.93123405024985,1.6636857801691012
532500,49.394995234014075,11.422216024152082,27.70890597644922,1.5206545417792112
533000,49.58189870468391,13.184961344175349,26.256663564132204,1.5507140292919666
533500,49.0278437322911,12.891655717010186,25.995459412369083,0.7640406202547634
534000,49.76097900588466,13.266007637662522,25.117190467716355,0.07315722517259804
534500,48.08906745582813,12.53722992900352,26.297445258421355,1.953145285428842
535000,49.00406383868954,12.17640782938506,25.051986904140414,1.0236079469490187
535500,49.022658209759385,11.803567232963148,27.314706005906334,1.3432279100983617
536000,49.98216077901159,13.021525039914835,26.656923502281344,1.36038630638576
536500,49.52890927016165,11.62672801192105,27.56571076722725,1.192414061254868
537000,49.99880589614827,14.74370716722709,27.96502254190748,1.9836914409345103
537500,49.177494708364286,12.608657916001125,27.059460068937543,1.9928311903227978
538000,48.94137232991988,13.131352281153948,26.60684832745055,0.6446071824140336
538500,49.72547917640573,10.229930540975547,27.081149721363047,1.1468131920275548
539000,49.30449734106591,11.764992854905042,27.517142355102624,1.4811528185523606
539500,49.28742161980668,14.596815073198881,26.3854915709295,0.8835789975438912
540000,48.64737720255263,14.467123970158486,27.47949709835897,0.46666027288872813
540500,48.97081311563965,13.850595157290934,27.59446372651484,0.5348237419657265
541000,49.86427941393104,13.441925901164907,26.69494860370569,1.0649716041820123
541500,49.807481413185236,14.04849276507007,25.375295054285104,0.2002575312960151
542000,49.27096414999741,11.903194478909331,25.136193555198542,0.28810842154127414
542500,48.3490376374163,13.118464532847229,27.647755977179155,1.2106418355150892
543000,49.65634389514298,11.824414182292408,26.68341053482278,0.24107522897874345
543500,48.13184873254473,10.804770359508145,27.497517082086205,0.3625800183586618
544000,48.0354577921297,14.709175296743439,26.750126854707236,0.2755251592038013
544500,48.25259056429852,13.573475749041918,27.85290100492677,0.1380036661245252
545000,49.811094118817095,10.79629389565779,25.678540574777816,1.6143722231514648
545500,49.82417432838105,11.802378437258408,26.23622865457105,0.5164323963094783
546000,49.20074311815871,13.370180892082809,26.25491882604366,1.7233326687054076
546500,49.241982996746124,14.881663558002437,26.256725447536706,1.322281892926751
547000,49.80317088624574,14.011305403562444,27.78260294561325,1.2724043156929068
547500,48.892033127189784,10.7193419966314,26.963671306269426,0.4589263740776086
548000,49.99295379657627,13.201346131901651,25.2722900972759,1.561552155021687
548500,49.34819342761203,14.476037744581795,27.944042932033664,1.0232006580844342
549000,48.634879768508604,14.347330696816602,25.16254562423517,0.4192375902873995
549500,49.20131187035624,14.879701069152825,25.74414898396069,1.9184537416753957
550000,48.186341598218974,12.91657578044326,27.84265283510939,1.8869646995396223
550500,48.51621706093273,13.03517707269761,25.830754383796776,1.4788835950270056
551000,49.51789428060989,14.714225882268124,26.135371683114148,0.8377895304009928
551500,49.41394539179626,11.99244431505177,27.92595464082157,0.2308443804546556
552000,49.916286676522446,14.4030893679086,25.172708906023114,1.013362033734229
552500,49.21288711784205,14.183995196893909,27.292599400475417,1.7880720955051603
553000,48.51310159307502,11.114886286020779,26.02497548582985,0.6802509366012623
553500,48.81567873218266,13.508949552305717,27.649878821159586,0.30975138216391795
554000,48.332611578349024,12.545999715065872,26.559733574024122,0.019456391453853916
554500,48.09158830415806,13.672364686430262,25.607101744659136,1.5531812394287872
555000,49.73152402430073,13.043370529155155,27.99649622165356,0.9999685544742039
555500,48.35642741338508,13.007414962602091,26.352041761242823,1.6504841390065315
556000,49.32016173257789,11.015439187250987,27.842394618615046,1.0153685217061126
556500,48.67230756109415,11.276472533037627,27.93211469433582,1.412435069349376
557000,48.86290828640134,11.724769626512362,27.685354289282134,1.767968778153515
557500,48.68376934651431,10.224802737614558,27.85456228941109,1.6522951530432965
558000,49.247868496273114,13.27120521876117,27.97433511126236,1.9860273939740538
558500,49.369565101596656,12.928040646020543,26.626473911702817,1.466036949800149
559000,48.35023712064441,13.497777572934774,26.451441606648373,1.8468733175362217
559500,49.685099733256585,13.333678124437125,26.56391774548332,1.199373176665102
560000,49.6845856005531,10.550627472912836,26.49559856772654,0.283371515496627
560500,49.57691784949175,10.491295990947147,26.11987789641446,1.8331226520985062
561000,48.83486823647101,10.870785064045217,27.864710699173028,0.9905764219960773
561500,48.942315422397314,11.514905344727016,27.535776112369486,0.27126472377293953
562000,48.286177451625484,13.376573745015417,26.95722944186879,0.6450887559602785
562500,48.12595917338955,14.201099027700055,25.14883391704451,0.1644715803231087
563000,49.96794296016356,14.546554671464712,27.410895658554068,0.8095482019020361
563500,48.59568794844554,12.106469469242722,25.736793954172967,1.852543313638123
564000,48.187088134978914,12.943113429379613,25.567260632146525,0.14155523929432778
564500,49.062267344724006,10.06786777909888,27.964934399586152,1.1262453629779732
565000,48.67356921694786,13.46625040933712,26.866288710465096,1.8236772486386896
565500,49.25783538649154,11.547370759009938,25.295385586638226,0.8951070649765722
566000,49.396391082753105,14.825045582093434,26.278765019951813,0.5438518221834643
566500,48.106951728147614,13.604311316156705,27.38677245178483,1.5928892425810344
567000,49.173662500859024,13.357052324396443,27.535466037962262,1.6729742638769245
567500,49.06763305470191,10.307286563576696,26.000528629566723,1.6159860082108168
568000,49.594608823343314,13.117093732107245,27.12038275150631,1.3054441329476236
568500,49.10186550726277,12.47706845018564,25.38787310956725,0.8777254070854554
569000,48.89671707279665,11.390740997655808,26.71900617600799,0.6070276724331756
569500,49.3033725138568,11.4624819420274,26.010324380378524,0.030942230609754873
570000,49.08653650162271,10.15401268772823,27.02939987146787,0.059122962292412096
570500,49.65735884438169,13.54299926753077,26.045164663941172,1.9608457299972972
571000,48.473873745622875,11.319322703718417,25.862972931750377,1.1208986093654405
571500,49.54848892271396,13.23138736736249,27.811210590386313,1.563003184746743
572000,49.523053723264916,11.808864936056569,25.49859572886257,0.42004615424575853
572500,49.00605779543442,12.23651378204136,27.070639703829936,1.1824456056701809
573000,48.963446786333726,10.328857419400727,25.507586331332583,0.09861569767757672
573500,49.15397545049803,14.382798797238934,25.486543543184382,1.4941438349303948
574000,49.58381759024312,11.87502543321369,25.75856193807797,0.35808421432365134
574500,49.9889549966927,14.916545861481467,26.697915763330872,1.231641522608572
575000,49.96405158504821,13.686213070192572,25.044754004173733,1.8345414006338814
575500,48.06065947203239,14.977055974649353,26.013704306767472,0.9222445174809548
576000,49.710911210875054,10.69114858556602,25.060352201658322,0.012285269651091335
576500,48.71626739414458,10.607660040948888,25.448045629827167,1.8643142800093697
577000,49.6700713547838,13.362947526011862,27.16809776552432,1.350008422396444
577500,49.35367240845812,13.428677683018618,25.097167506602133,0.19475048703025855
578000,48.38336595806658,12.294253228540764,26.829720680062948,1.2942476989573457
578500,49.34938065007493,10.063153540045162,25.420736508990746,0.8027198970210623
579000,48.7237526243461,13.096994456882818,25.002871307619984,0.949251628651977
579500,49.95743672100237,13.889659693337915,25.622693431380842,0.9954403763933921
580000,48.68728872959092,10.637501184623924,25.541527038580973,0.5196712725541546
580500,48.69713343964437,13.3838710114249,27.405861815267237,1.8527604464133225
581000,49.92082816653945,10.030286720819037,26.936370128898076,0.4503149064981742
581500,48.154077107063294,10.719627226955916,26.464397536016925,1.9249877168763239
582000,48.82430339936,10.974296806462979,27.165405229647217,0.27021638648701707
582500,48.8274362261759,10.405916657499855,26.70568284672505,1.998949880335429
583000,48.46561600199648,10.556585703111338,25.064977097922057,1.7995538708200762
583500,48.97341580210943,14.40683651054134,27.1924770411779,1.7258616745204118
584000,48.3146729441815,11.657078539013781,25.505604389649715,1.166019896695337
584500,49.75276797785347,11.396994849933332,25.115584139715757,0.49926172358982934
585000,48.01257794177407,13.751903348271753,26.28406346042808,0.37717953119505654
585500,48.45131807470305,10.413548391873311,27.324544638450888,1.425396298069454
586000,49.850491663031505,11.613542105489197,26.513087480367158,0.9818376732739598
586500,49.11594104425785,14.877887052183006,26.29125693991743,0.7623901274244671
587000,49.8534150516414,11.614057480144837,26.176522323832558,1.0021421224825184
587500,49.814091268713064,14.486867278405764,26.353327332472976,1.7069431065936176
588000,48.0807090376598,12.15643676313272,25.40958021042304,1.1205574906997577
588500,48.02294640791727,14.346139067926764,25.34313741491003,0.7058183193235779
589000,49.74176624104495,11.50557103546784,25.43331648658757,1.2266005556710577
589500,49.12557503802981,13.637274367150033,27.062335678140595,1.434634359917269
590000,48.55111082279248,12.486247785843684,27.2865348982711,0.20997706680457773
590500,48.528570285086325,10.670451109092696,27.532084963161694,0.7267305024597264
591000,49.289894853904535,13.73508559316531,25.71742301684334,0.47884577448092625
591500,48.30609103571481,13.384846027407685,25.41663670436874,0.1905969592243011
592000,48.190053616273744,11.720945175928028,25.07137725643428,1.1218742891878133
592500,49.43486187513853,11.892218611973743,26.15231837301271,0.9508701516439657
593000,48.43089679467276,10.219344098079615,25.52314951371847,1.1070007478583093
593500,49.56125710924427,11.28414883332025,27.536619556299158,0.1605349902781803
594000,49.6471286013695,10.448718123893391,25.498990988434723,0.7424152823315215
594500,48.76698996850582,11.877864694461405,25.433432514255227,0.32762919106637334
595000,49.52192274083958,10.063948354417667,26.359473958900168,1.688365622745104
595500,48.74648544139645,13.906338697871035,26.046668538511277,0.06155033095028917
596000,48.65319402341725,10.365344498906536,27.668570030381957,0.016861426802544655
596500,48.40830563935578,13.828576951918599,26.38676662100269,0.3470191044936466
597000,49.82068603378346,12.570105253590157,27.4420728911267,1.8959714484885777
597500,49.14459087691261,13.130441468681386,27.410697578602182,1.5146035367492756
598000,49.19168051760519,10.3398213072973,27.159752676682654,0.018607775955254313
598500,48.381408662530255,10.889311318964225,26.917636303669315,1.7522212102905002
599000,49.04503399394237,14.260976595521408,26.661051924802905,1.8820408950045922
599500,48.676959551514166,11.204025696192367,26.05655939295229,0.4656728171634492
600000,48.25571994396494,10.804591918661073,27.186132204287706,0.9443054007262677
600500,49.006311332585355,14.037689612372155,27.52454004217708,1.9064142534726907
601000,49.06213529207938,11.04650112869228,26.695565987586583,1.475820803794361
601500,49.02154439991925,13.793619120481207,27.03045115302062,1.8687800171765077
602000,49.08718417562373,11.857804650150708,25.541174040020618,0.09389698245043143
602500,49.97118049445991,13.164331665128282,26.970548139539254,0.21211387311009644
603000,48.536003859120385,14.40728417566274,25.60326513779476,1.7788539393103178
603500,49.20883047066402,14.881177172370077,27.651573003845442,1.4079319681986737
604000,48.586050755399356,10.630075678880287,27.080378838041266,0.7906813518541995
604500,49.8762686651485,11.272909079686048,26.108610249512672,1.164523730733451
605000,49.27030950224229,14.156508129420024,25.314889344281,1.0970547817519172
605500,48.63835977078208,14.868141128593063,25.955657472403914,0.6167220829665818
606000,49.015833985839876,13.01238497745573,26.696910811038915,1.3453699711368996
606500,49.359087125697,10.097931158713271,25.780734866505817,1.0812220107533772
607000,49.81421292368367,10.332266759748467,27.785554556918672,0.527935682924451
607500,48.56307993706795,12.23591290245663,25.011821472207938,1.0603549375709436
608000,49.17098259969285,11.45221758070276,27.941627315345446,1.1306581812946916
608500,49.569576156863256,10.795113946406671,25.479064983362882,1.6349367658312095
609000,48.182767178615784,14.33083241633629,25.235417438871245,1.2582314989051264
609500,49.46945344593635,10.11753726833845,27.73710179074516,1.0959859824406548
610000,49.556963132023604,10.716373980133897,27.63113940234328,0.21473905382762326
610500,49.73829769436237,11.94792300514374,25.647358491122418,1.8136855928492128
611000,48.62855300656634,10.850299374286521,26.658107625091553,1.2731356658138961
611500,48.052222362747244,12.270015854813987,25.100982836494296,0.23814067511135484
612000,49.19034683041385,10.575159480577296,25.558053851164566,1.953970857866058
612500,49.70147103526385,10.634644698647215,25.51530521685443,0.3650405753825523
613000,49.32443274130543,10.912610020987003,26.740873841151277,0.7056317035104172
613500,49.56353707351167,12.837201967245988,27.240719878591324,0.8215878674504657
614000,48.970989420132135,14.24483567347666,26.995642206644188,0.4443183650792806
614500,49.371245032769934,14.033720160321437,26.78633939301571,0.4533790171902097
615000,49.74234581587956,14.354289627285986,27.37375240141495,1.0359679617884188
615500,48.90119494257302,14.006336789896213,25.64285988819739,0.3820590480593875
616000,49.62090476644974,14.941449513597739,27.59299442811016,1.2113501385678032
616500,48.74757390703182,14.854229299875477,27.557378109096923,0.5840898532805163
617000,49.24299229220404,12.869782045320438,27.443806719253136,0.8246388844379211
617500,49.30580363464453,10.920001973626668,25.614308739548786,1.999007199592986
618000,48.11201125166938,10.21551357926707,25.16916193141745,1.2716452252458121
618500,48.44255374486892,11.057232259478031,25.062285201385986,1.7942604635453105
619000,49.133968304536324,10.190501305636355,26.848406441559355,0.7103025452834935
619500,49.806006288994006,13.427104697280466,27.077168812667114,0.8058286840774409
620000,48.59567315535516,12.377842261461572,26.329885817565987,1.8895223076644871
620500,49.0742320376758,14.218724737118356,27.972683897005552,0.17488652114964598
621000,48.08527139385413,12.236496361658972,25.655794850948038,0.5986224407650684
621500,49.171326783276406,12.059492899967253,26.326882560248542,1.4676272008333495
622000,48.53227226126079,14.01760033043958,25.178772995469156,0.9994966360892295
622500,49.86225196180147,13.512277654496685,25.008627902546475,1.4651875578684779
623000,48.859364271394696,13.750402023297493,25.91821559279954,1.1403396424470342
623500,49.224399590699974,10.08454534327216,25.10039313950436,1.475858137178267
624000,49.42173478886259,14.073995661585974,26.957602295625332,1.3756482075544183
624500,49.21907776992518,11.646632030873796,27.809494908867684,1.3980891788530394
625000,48.3244742118139,11.12398980054611,25.863971835572393,0.3324726472922901
625500,48.44337108059859,13.216835015843916,27.654155072840567,0.47693025671279754
626000,49.238024766492096,12.100107922205863,26.48032708601754,0.54851849738551
626500,49.488922029367636,14.799445374133565,26.35399170682993,0.24830069576725733
627000,48.865409467515555,12.690272895539827,27.492498231753192,1.9454928972163894
627500,49.26462820367832,10.51208362255511,25.160745922772644,0.7589698998037846
628000,48.77267737257206,11.006858110880657,27.161810366076903,0.6837687161227926
628500,48.05543715748854,14.80586404697164,25.183353660673163,1.2322576977926787
629000,49.989864993121046,10.909245610357438,25.57515926822093,1.812482111528083
629500,49.25620836459491,10.38572918851041,25.332809096769914,0.38649612537558165
630000,49.181957904591215,13.717191395016258,25.304242321656485,0.8971576294348229
630500,49.01103570809526,11.160282094284797,26.37732284451627,0.12539920110857694
631000,48.31581452117024,14.009885045839823,25.4519807450002,0.0612277798711065
631500,48.52086999494775,10.652081511850058,26.30298783207315,0.21098073322923439
632000,48.8421605790383,11.030953125932156,26.160064426244354,1.697253122033242
632500,48.261438497261246,14.029602779836713,25.33721016143746,0.8535844682067038
633000,49.165720187134625,12.574406989266151,27.235199805729433,0.880582405039962
633500,48.8665297701425,10.765469708627727,26.28520624959897,0.35007128709526025
634000,48.21409586001988,11.628017095628667,26.77020005678015,0.4443623988940597
634500,48.92601417426873,10.216763484046552,25.820365869845478,1.1034662128887034
635000,48.1876494978338,12.817476446332101,25.67874361064773,1.0422296941316034
635500,48.055328578801394,13.668797536949953,25.0099762921769,1.470102555243234
636000,48.52801334956604,12.15234775809558,27.06701920614497,0.6671570643846045
636500,49.70683593226001,11.962323165952219,25.43789265401916,1.7861582390235502
637000,49.64233257976546,13.284982646291494,25.651785124464322,0.17121304037793506
637500,48.75892139709929,14.258205152282079,27.232871778765787,1.0441209982709856
638000,48.086979464264445,13.538999781121433,26.9638805745948,1.684940044811185
638500,48.40110760268242,10.859787918795298,25.4112846501525,1.5328771575899782
639000,48.77846091791068,14.261404061571142,26.539954983005387,0.2663406090017768
639500,48.77667275888179,14.5920386207427,25.506007899563432,0.28583357171550516
640000,48.44381916637174,13.435984873831291,27.93137172194677,0.37688670117164036
640500,48.61584675927386,13.094500427587326,27.64932842186973,1.1335499114188374
641000,48.54410473742131,12.029083584925218,26.760590090151474,0.2937230656679153
641500,48.72103926153528,13.22944304697771,26.932747376140664,0.21097710235418932
642000,49.238143546251614,13.799755396803036,25.478255553481127,0.1285035556110381
642500,49.45170572072203,11.739356119708034,26.118714242702758,0.6094012935369395
643000,48.59666667067624,10.118470302211009,26.916432945675176,1.4612553404438888
643500,49.533006823461896,14.703560427413144,27.186449726770853,0.2764106775882893
644000,48.409524042973054,14.611291055697109,26.204457668649386,0.9102404102318182
644500,49.702585132488515,13.548278437274458,25.452599987649815,1.3868375147844958
645000,49.91420918444021,10.681866217323467,26.884567069688277,1.4538384007119725
645500,48.09005338777775,10.953956698295844,27.930769236679136,0.4728736786906993
646000,48.212868542662946,12.56429604844785,26.66731408359236,0.9600287600753155
646500,49.044479011696744,14.001507035326643,27.950673710472895,1.7099289726032583
647000,49.19150583053127,14.15706103256585,25.203095208391357,1.997515494168342
647500,49.55036427872166,10.988921424002166,27.2331383075023,1.7791567887960276
648000,48.06240277789246,12.341875836308692,27.2532303412868,1.0229931374227261
648500,49.31698239921822,11.165320991643034,27.949095037703632,0.908625770594311
649000,48.27103489538702,11.312951169713157,25.614847184158222,0.8779087132497254
649500,48.371830461169296,10.443273548638171,27.870433856535197,0.559890901587877
650000,49.57213580991563,12.012296106404635,26.317869735349852,0.7873641138232828
650500,49.57572617021645,12.842052209695607,26.718529507414765,0.39481811382538723
651000,49.555084990101214,12.906362172146409,26.535309606349255,1.3539439984710702
651500,48.99592665122686,10.390480527990178,26.503278347797536,1.1225292944246397
652000,49.62630743892213,12.616389844342322,27.939603692429476,1.5109478815414552
652500,49.033701466961574,13.416063406282873,27.31006250473359,0.7629571058194333
653000,48.68375028646683,10.889777401231964,27.692450269762574,1.6409085917532251
653500,49.16454239034978,14.493086324839853,27.451251018080086,0.909891668070224
654000,49.371995992340686,13.85134813857294,27.194567973599128,0.4956396231585223
654500,49.528422758986764,10.015534494679304,26.49153628412607,1.3241176222803412
655000,48.9709074722931,14.28426588443729,27.515349308572688,0.8160024635030283
655500,48.08178873841901,13.648690002872751,26.71110134199916,1.6207332384354314
656000,48.329774779532684,10.86549240728967,27.01741802634772,0.8599302604760057
656500,49.790601589884254,13.674844939026878,27.127704831564746,1.9233627314906363
657000,49.833377246062724,14.928989741397722,26.814156966630698,0.2445880117485273
657500,49.443940955626,12.096715661226376,25.24301878625002,1.5304517112787337
658000,48.08283338288555,13.118997365129786,25.399185913471428,0.9539393854646827
658500,49.22810601329745,13.104637307472341,25.347016019312736,0.586284824074315
659000,49.41706190114029,11.858312157836407,26.628210441280554,1.255589594492591
659500,48.623124891282686,12.053453886875564,26.903871453069414,0.6735950945569182
660000,49.62091740876002,13.718089888394797,27.605052477801156,1.5953847580972724
660500,48.57285251888863,12.356318328701093,26.47120748714554,0.8856519353091792
661000,49.92779685731498,14.59978851257711,26.889953756742802,1.4696309481225112
661500,48.41638415932481,13.331862483720908,25.197871765902214,1.5400508636005206
662000,48.12686087375505,13.862032334787042,26.42058539678242,1.2855191454836625
662500,49.28293923864988,14.616321564831196,25.324204800334957,0.8582433705878518
663000,49.98994168543324,12.745640724183826,25.16308885786161,1.7449344081226386
663500,49.80547240014242,12.963190872555504,25.808983281695657,1.0344057891948228
664000,49.528124083464036,12.698295104610676,25.572245529035754,1.6129728448806104
664500,49.79456317133929,14.856371456263286,25.441781003920468,1.6136632148240757
665000,49.40125084334864,12.55112307256805,25.949277178519765,0.14683789138754877
665500,49.07753962765535,14.570300127516592,26.41734830040481,1.090591693840663
666000,48.63015797898028,13.487806337333474,25.501329565440717,1.1403260320755366
666500,48.08808447662717,13.20457288876283,26.44814997834137,0.08709879653101726
667000,49.80789818416676,13.245104087690011,26.171319294820666,0.9054452685528198
667500,48.22418122027591,13.975719530631501,25.712733002286704,0.0601045945025549
668000,48.11217160829362,10.956063205453638,27.878549144193215,1.3953846616569499
668500,49.14512922909681,10.550097649933056,26.092464384860428,1.4020712248901035
669000,48.25666494245807,13.16709271203,25.234184586942867,1.7588177481549232
669500,48.5160302440516,12.830298409584062,26.363004798072375,1.2653515984474384
670000,48.18353542682382,13.674171124859003,27.491411864724185,0.5927698941394266
670500,49.713372514017976,14.709340656748285,27.721503290946654,1.0865580013131806
671000,49.74282368423164,13.154004486189734,26.72241875795231,0.4285738518137636
671500,48.606081706786995,14.845740877999567,27.908706654423398,1.086022268214803
672000,49.91753479926416,10.307916040065418,26.24695595473067,1.252474492397236
672500,49.214884044659115,14.615553970188474,25.969773463529634,0.703259204127817
673000,49.99887926536211,12.662577401048603,27.68329748246515,1.7637101536752116
673500,48.51302837600981,14.002390403959597,27.900792770282028,1.5006976085212378
674000,49.76416464575279,13.059584815359715,27.243261489229262,1.1764289637774852
674500,49.90446923759603,11.496448616734718,25.44147787285058,0.6719852082381343
675000,48.68618573397017,11.58453380394221,26.91372417713399,0.5708286124196895
675500,48.11992037901354,10.078592774023301,27.777254308990287,0.5934597580276679
676000,49.03316571275582,12.133585331355942,25.86131511696468,0.8642886382438562
676500,49.52795612911585,11.643382151568515,27.565417159374814,0.5774487919692204
677000,49.913617121653616,10.940610494918303,27.016263154561905,1.9705999792564233
677500,49.92816086601663,14.65354369781883,27.79175864352505,1.9499280396238075
678000,48.78683196799959,11.612672106191017,26.747886050959742,0.5198983002732984
678500,48.06552088822177,11.363608542257797,25.712093392533365,1.0706851334505887
679000,49.56634119538672,10.723692194238959,27.293465798868397,0.8963929601209213
679500,49.90496900911583,12.063393726956527,25.943182989106813,0.5611940604153158
680000,49.687239289309645,14.138128804162697,26.208913941408124,1.9765625688822028
680500,49.5194376042029,13.702401202238521,27.7989092709968,0.1471183910758893
681000,48.48351877006506,11.468206606544841,25.06690947452321,1.876658617226966
681500,49.530052000740255,13.449047493558494,25.545788538452335,1.6560412179563266
682000,48.38326307762702,10.562982007698448,26.19532154668182,1.08958648298176
682500,48.052282766992626,11.447957793255611,27.322435572848082,1.658028684755716
683000,49.05708968044504,10.913095184138635,27.834589724089444,0.28388046795157496
683500,49.46967625989871,14.78568602977883,26.703514878085144,0.5289538278588042
684000,48.21959876679738,14.127280964869803,26.937612562601196,1.121335261970683
684500,48.10116189769352,12.315510049284365,26.92914302491039,1.6347312956844307
685000,48.04870085862356,12.366027601180125,27.632939204167002,0.8045785673900763
685500,48.58085361958145,13.271130568903175,26.507404838009318,0.5518270446656433
686000,49.66912480738672,11.86743900663877,25.28778370849601,0.5666263248614767
686500,49.427971923452574,11.91126551691408,25.38236748017525,0.9617496080504082
687000,49.33016624319675,13.999412171384085,26.10679252952213,0.3524352905061521
687500,48.67149226147762,12.40769504568141,26.717562461479087,1.612849272464559
688000,49.47243996719641,13.030816645548397,25.263094374652326,1.121006490791925
688500,48.21338182621059,13.546056760780163,27.49775045548426,0.6278753736581988
689000,48.38033247690456,14.032289146710731,26.01429330977771,1.832219230476581
689500,48.23778594815305,13.993027609014716,25.399447418797305,0.01388595963388628
690000,49.55359259860046,13.011835360386149,27.774522669847073,1.7672940685895275
690500,49.45298435971746,13.61794846057994,27.692629538028097,1.7107571419417986
691000,48.797214324619866,11.805236185014913,26.280499937666175,1.824364387130926
691500,49.04169191360159,10.146505463344452,25.000600516771595,0.24252224313423243
692000,48.69961209333958,11.009194184012275,25.18485262321312,0.620370018317002
692500,48.39210499291395,11.37039751520319,25.672875870172316,1.3847674857863932
693000,49.93408103693645,11.227122162901168,27.23408501222673,0.9323406137076748
693500,48.2764518942717,13.976899958187087,26.516856221783495,0.2641087576059067
694000,48.32527050903132,13.652141686999876,25.706326014041476,0.18827286235189145
694500,49.90315036419965,14.861467964000976,27.91732142611479,1.67765708886361
695000,48.65407667492306,11.155429194650207,25.07419792390516,1.0153462258543025
695500,48.383952103559544,11.448628948681288,25.56184780551024,0.6119068074348808
696000,48.409249713256095,12.39855140689332,26.18032759346082,0.2077691600963545
696500,48.528933174177666,13.620297994828503,27.378497548535105,0.6086977108102145
697000,49.631574581992794,10.198412864484332,26.925670681535628,1.632526753982291
697500,48.468391845233114,11.684069812626731,27.166833579304942,1.9049089225381164
698000,48.80811776188793,10.18346950550061,25.225397199754784,1.3960560941445617
698500,48.71781303075151,11.810113189149913,27.143348107581467,0.3024904252517906
699000,48.18554540270615,10.099070632208026,26.34598375921281,1.247146107648391
699500,49.79813979292662,12.346757675016148,26.49342568427273,1.9943125174129301
700000,49.42778382440149,14.500379857610108,25.954312803836466,0.3418351679763747
700500,48.50446409973725,13.957387906912999,25.527218455832717,0.7994929554069916
701000,49.89221991129706,12.625674854040376,25.299626146149386,0.8469929579454751
701500,49.05825151128216,10.597100837639713,26.409717159826396,0.16702734280615972
702000,49.053070058152414,12.182012535223839,25.323407870133927,0.00876580667645066
702500,49.645920628723005,12.805297348437241,26.649603183076312,0.9507614326111475
703000,49.910741496255895,12.614121025006611,25.702665910160107,0.5251896354420882
703500,49.962416747588534,10.241182533508898,25.576752820567265,0.9726899284265469
704000,49.003171026195965,13.265638884055074,25.491683622766093,0.42263286641920383
704500,48.44747894225504,13.819618684716778,26.924633516345757,1.4342462571569485
705000,49.08272931905007,14.115959137622495,26.313810404689562,0.858950808012588
705500,48.127908145526135,12.850045769932528,27.129639340617715,1.2497269470538819
706000,49.650761145490115,14.552170871155013,26.064125076722913,0.1403667052938531
706500,49.28526642389562,10.219115616218843,27.780038211343225,0.9868530261897281
707000,48.77059811329361,10.778157054987085,25.82066798691666,1.624511642612538
707500,49.7252507792244,13.21796258365087,25.31133593971659,0.8332035140681584
708000,48.44011541934602,12.920459588083936,27.703862772425772,1.5378124042579784
708500,48.83951792141224,12.196799415628194,26.931522637422805,0.9984282659396511
709000,48.609499400933835,12.373240441545427,26.48325918393381,1.3989903219148505
709500,48.46379245933856,12.323636014092514,25.751803893843075,1.540880191971612
710000,48.34619973909182,10.470339168070442,27.963921350452367,1.5399709063448739
710500,48.13023659519198,12.507493258985809,26.7329909845585,0.7040215224209627
711000,49.67118827902602,11.48492249758472,26.382267804958406,1.853070695659931
711500,49.946840841668575,14.945365349671572,25.587541894246865,0.07921523340051673
712000,48.69018312128981,14.029612001025036,26.204388358752396,0.99364825312347
712500,49.456822007565776,11.899534617073517,26.745002738874785,1.3469777943100831
